Date,Time,Virtual Memory Load [%],Physical Memory Used [MB],Physical Memory Available [MB],Physical Memory Load [%],Core VIDs (avg) [V],Core 0 VID [V],Core 1 VID [V],Core 2 VID [V],Core 3 VID [V],Uncore VID [V],SA VID [V],Core Clocks (avg) [MHz],Core 0 Clock [MHz],Core 1 Clock [MHz],Core 2 Clock [MHz],Core 3 Clock [MHz],Bus Clock [MHz],Ring/LLC Clock [MHz],Core Effective Clocks (avg) [MHz],Core 0 T0 Effective Clock [MHz],Core 0 T1 Effective Clock [MHz],Core 1 T0 Effective Clock [MHz],Core 1 T1 Effective Clock [MHz],Core 2 T0 Effective Clock [MHz],Core 2 T1 Effective Clock [MHz],Core 3 T0 Effective Clock [MHz],Core 3 T1 Effective Clock [MHz],Average Effective Clock [MHz],Core Usage (avg) [%],Core 0 T0 Usage [%],Core 0 T1 Usage [%],Core 1 T0 Usage [%],Core 1 T1 Usage [%],Core 2 T0 Usage [%],Core 2 T1 Usage [%],Core 3 T0 Usage [%],Core 3 T1 Usage [%],Max CPU/Thread Usage [%],Total CPU Usage [%],On-Demand Clock Modulation [%],Core Utility (avg) [%],Core 0 T0 Utility [%],Core 0 T1 Utility [%],Core 1 T0 Utility [%],Core 1 T1 Utility [%],Core 2 T0 Utility [%],Core 2 T1 Utility [%],Core 3 T0 Utility [%],Core 3 T1 Utility [%],Total CPU Utility [%],Core Ratios (avg) [x],Core 0 Ratio [x],Core 1 Ratio [x],Core 2 Ratio [x],Core 3 Ratio [x],Uncore Ratio [x],Core Temperatures (avg) [?],Core 0 [?],Core 1 [?],Core 2 [?],Core 3 [?],Core Distance to TjMAX (avg) [?],Core 0 Distance to TjMAX [?],Core 1 Distance to TjMAX [?],Core 2 Distance to TjMAX [?],Core 3 Distance to TjMAX [?],CPU Package [?],Core Max [?],Core Thermal Throttling (avg) [Yes/No],Core 0 Thermal Throttling [Yes/No],Core 1 Thermal Throttling [Yes/No],Core 2 Thermal Throttling [Yes/No],Core 3 Thermal Throttling [Yes/No],Core Critical Temperature (avg) [Yes/No],Core 0 Critical Temperature [Yes/No],Core 1 Critical Temperature [Yes/No],Core 2 Critical Temperature [Yes/No],Core 3 Critical Temperature [Yes/No],Core Power Limit Exceeded (avg) [Yes/No],Core 0 Power Limit Exceeded [Yes/No],Core 1 Power Limit Exceeded [Yes/No],Core 2 Power Limit Exceeded [Yes/No],Core 3 Power Limit Exceeded [Yes/No],Package/Ring Thermal Throttling [Yes/No],Package/Ring Critical Temperature [Yes/No],Package/Ring Power Limit Exceeded [Yes/No],CPU Package [?],CPU IA Cores [?],CPU GT Cores (Graphics) [?],iGPU VID [V],VR VCC Current (SVID IOUT) [A],CPU Package Power [W],IA Cores Power [W],GT Cores Power [W],Total System Power [W],System Agent Power [W],Rest-of-Chip Power [W],PCH Power [W],PL1 Power Limit (Static) [W],PL1 Power Limit (Dynamic) [W],PL2 Power Limit (Static) [W],PL2 Power Limit (Dynamic) [W],GPU Clock [MHz],GPU D3D Usage [%],GPU D3D Utilizations (avg) [%],GPU Video Decode 0 Usage [%],GPU Video Decode 1 Usage [%],GPU Video Processing 0 Usage [%],GPU Video Processing 1 Usage [%],GPU D3D Memory Dynamic [MB],Current cTDP Level [],Package C2 Residency [%],Core C0 Residency (avg) [%],Core 0 T0 C0 Residency [%],Core 0 T1 C0 Residency [%],Core 1 T0 C0 Residency [%],Core 1 T1 C0 Residency [%],Core 2 T0 C0 Residency [%],Core 2 T1 C0 Residency [%],Core 3 T0 C0 Residency [%],Core 3 T1 C0 Residency [%],Core C7 Residency (avg) [%],Core 0 C7 Residency [%],Core 1 C7 Residency [%],Core 2 C7 Residency [%],Core 3 C7 Residency [%],Memory Clock [MHz],Memory Clock Ratio [x],Tcas [T],Trcd [T],Trp [T],Tras [T],Trc [T],Trfc [T],Command Rate [T],Gear Mode [],IA Limit Reasons (avg) [Yes/No],IA: PROCHOT [Yes/No],IA: Thermal Event [Yes/No],IA: Residency State Regulation [Yes/No],IA: Running Average Thermal Limit [Yes/No],IA: VR Thermal Alert [Yes/No],IA: VR TDC [Yes/No],"IA: Electrical Design Point/Other (ICCmax,PL4,SVID,DDR RAPL) [Yes/No]",IA: Package-Level RAPL/PBM PL1 [Yes/No],"IA: Package-Level RAPL/PBM PL2,PL3 [Yes/No]",IA: Max Turbo Limit [Yes/No],IA: Turbo Attenuation (MCT) [Yes/No],GT Limit Reasons (avg) [Yes/No],GT: PROCHOT [Yes/No],GT: Thermal Event [Yes/No],GT: DDR RAPL [Yes/No],GT: Residency State Regulation [Yes/No],GT: Running Average Thermal Limit [Yes/No],GT: VR Thermal Alert [Yes/No],GT: VR TDC [Yes/No],"GT: Max VR Voltage, ICCmax, PL4 [Yes/No]",GT: Domain-Level PBM PLGT [Yes/No],GT: Package-Level RAPL/PBM PL1 [Yes/No],"GT: Package-Level RAPL/PBM PL2,PL3 [Yes/No]",GT: Inefficient Operation [Yes/No],GT: Fuses limit [Yes/No],Ring Limit Reasons (avg) [Yes/No],RING: PROCHOT [Yes/No],RING: Thermal Event [Yes/No],RING: DDR RAPL [Yes/No],RING: Residency State Regulation [Yes/No],RING: Running Average Thermal Limit [Yes/No],RING: VR Thermal Alert [Yes/No],RING: VR TDC [Yes/No],"RING: Max VR Voltage, ICCmax, PL4 [Yes/No]",RING: Package-Level RAPL/PBM PL1 [Yes/No],"RING: Package-Level RAPL/PBM PL2,PL3 [Yes/No]",Drive Temperature [?],Drive Remaining Life [%],Drive Available Spare [%],Drive Failure [Yes/No],Drive Warning [Yes/No],Total Host Writes [GB],Total Host Reads [GB],Read Activity [%],Write Activity [%],Total Activity [%],Read Rate [MB/s],Write Rate [MB/s],Read Total [MB],Write Total [MB],Battery Voltage [V],Remaining Capacity [Wh],Charge Level [%],Wear Level [%],Framerate (Presented) [FPS],Framerate (Displayed) [FPS],Frame Time [ms],GPU Busy [ms],Total DL [MB],Total UP [MB],Current DL rate [KB/s],Current UP rate [KB/s],Charge Rate [W],Estimated Remaining Time [mins]
9.7.2024,10:20.7,50.1,4972,2942,62.8,0.975,0.96,0.955,0.957,1.027,0.871,0.748,3573.4,3481.7,3481.7,3481.7,3848.2,91.6,3206.9,211.5,484.3,61.5,355.9,123.6,255.2,102.7,153.6,155.2,211.5,5.9,12.1,2.1,9.4,3.6,6.9,3.8,4.4,5.2,12.1,5.9,100,16.1,36.6,4.9,26.9,9.7,19.2,7.8,11.6,11.7,16.1,39,38,38,38,42,35,52,51,53,53,49,48,49,47,47,51,54,53,No,No,No,No,No,No,No,No,No,No,No,No,No,No,No,No,No,No,59,59,52,0.73,10.254,7.511,2.87,0.265,11.91,1.604,0.492,1.056,51,15,51,51,450,2,0,0,0,0,0,426,2,61.8,5.5,12.5,1.6,9.2,3.1,6.5,2.6,4,4.1,82.5,77.8,80.2,84.8,87.4,1954.7,21.33,36,39,39,90,129,598,1,2,Yes,No,No,No,No,No,No,No,No,No,Yes,No,No,No,No,No,No,No,No,No,No,No,No,No,No,No,No,No,No,No,No,No,No,No,No,No,No,42,93,100,No,No,31106,72428,0,0.1,0.1,0.018,0.359,140440,60621,15.089,25.47,75.4,36.3,9.8,9.5,101.6,0.75,615,55,0,0,-9.54,160.2
9.7.2024,10:22.7,50.2,4978,2936,62.9,1.012,0.96,1.027,1.032,1.027,0.888,0.751,3756.6,3481.7,3848.2,3848.2,3848.2,91.6,3298.5,310.5,600.5,200.2,513.3,117.2,318.9,177.1,221.3,335.9,310.5,7.9,15.8,5,12.8,3.6,8,4.4,5.6,8.4,15.8,7.9,100,23.3,45.3,14.9,37.7,9.1,24.2,13.5,16.8,24.9,23.3,41,38,42,42,42,36,51,52,52,51,48,49,48,48,49,52,52,52,No,No,No,No,No,No,No,No,No,No,No,No,No,No,No,No,No,No,59,59,52,0.73,5.274,8.857,4.276,0.267,13.517,1.642,0.544,1.014,51,15,51,51,450,1.7,0,0,0,0,0,427,2,54.9,8,15.6,5.1,13,3,8.3,4.6,5.8,8.6,78.3,72.1,79.3,80.2,81.6,1954.7,21.33,36,39,39,90,129,598,1,2,Yes,No,No,No,No,No,No,No,No,No,Yes,No,No,No,No,No,No,No,No,No,No,No,No,No,No,No,No,No,No,No,No,No,No,No,No,No,No,42,93,100,No,No,31106,72428,0,0.3,0.4,0.008,1.105,140440,60624,14.921,25.455,75.4,36.3,13.1,12.8,76.36,0.92,615,55,0.088,0.034,-14.175,107.7
9.7.2024,10:24.7,50,4943,2971,62.4,1.012,0.96,1.03,1.032,1.027,0.871,0.751,3756.6,3481.7,3848.2,3848.2,3848.2,91.6,3206.9,173.1,427.9,47,293.9,64.5,191.8,71.5,182.6,105.6,173.1,4.2,10.6,1.1,7,1.5,4.6,1.6,4.3,2.5,10.6,4.2,100,13.1,32.8,3.6,22,5.2,14.6,5.6,13.5,7.9,13.1,41,38,42,42,42,35,51,51,53,52,48,49,49,47,48,52,53,53,No,No,No,No,No,No,No,No,No,No,No,No,No,No,No,No,No,No,59,59,53,0.73,5.274,6.912,2.46,0.278,11.188,1.588,0.46,0.965,51,15,51,51,450,1,0,0,0,0,0,427,2,63.9,4.4,11.1,1.2,7.4,1.7,4.9,1.8,4.6,2.7,86.1,80.3,86,88.2,89.8,1954.7,21.33,36,39,39,90,129,598,1,2,Yes,No,No,No,No,No,No,No,No,No,Yes,No,No,No,No,No,No,No,No,No,No,No,No,No,No,No,No,No,No,No,No,No,No,No,No,No,No,42,93,100,No,No,31106,72428,0,0.1,0.1,0,0.273,140440,60624,15.11,25.455,75.4,36.3,13.2,13.3,75.78,0.8,615,55,0.059,0.053,-9.99,152.9
9.7.2024,10:26.7,49.9,4938,2976,62.3,1.031,1.035,1.027,1.032,1.027,0.871,0.751,3848.2,3848.2,3848.2,3848.2,3848.2,91.6,3206.9,177.2,445.7,77.9,247.7,52.2,196.7,74.9,175.7,146.8,177.2,4,11.1,1.1,6,0.4,4.7,1,4.2,3.5,11.1,4,100,13.3,33.8,5.8,18.1,4.2,15,5.8,13.3,10.7,13.3,42,42,42,42,42,35,50,51,51,51,48,50,49,49,49,52,53,51,No,No,No,No,No,No,No,No,No,No,No,No,No,No,No,No,No,No,58,58,52,0.73,5.566,7.126,2.404,0.232,11.427,1.601,0.481,1.126,51,15,51,51,450,0.7,0,0,0,0,0,427,2,64.5,4.5,11.5,2,6.1,1.4,5,1.9,4.4,3.6,86.4,79.7,89.3,88.5,88.2,1954.7,21.33,36,39,39,90,129,598,1,2,Yes,No,No,No,No,No,No,No,No,No,Yes,No,No,No,No,No,No,No,No,No,No,No,No,No,No,No,No,No,No,No,No,No,No,No,No,No,No,43,93,100,No,No,31106,72428,0,0.2,0.3,0.024,0.561,140440,60625,15.076,25.44,75.3,36.3,14.9,15.1,67.15,0.67,615,55,0,0,-12.795,119.3
9.7.2024,10:28.7,49.9,4939,2975,62.4,1.031,1.035,1.027,1.032,1.027,0.871,0.751,3848.2,3848.2,3848.2,3848.2,3848.2,91.6,3206.9,146.1,438.5,67,203.1,66.5,95.8,116.7,131.9,49.3,146.1,3.6,10.9,1.6,4.8,2.3,2.2,2.7,3.1,1.1,10.9,3.6,100,11.1,32.8,5,15.3,5.3,7.6,8.8,10.1,4.1,11.1,42,42,42,42,42,35,50,49,51,51,48,50,51,49,49,52,52,51,No,No,No,No,No,No,No,No,No,No,No,No,No,No,No,No,No,No,58,58,51,0.73,6.152,6.483,2.116,0.261,10.304,1.569,0.462,0.798,51,15,51,51,450,0.8,0,0,0,0,0,427,2,69,3.7,11.2,1.7,5.1,1.7,2.5,2.9,3.3,1.4,88.1,82.2,88.9,90,91.3,1954.7,21.33,36,39,39,90,129,598,1,2,Yes,No,No,No,No,No,No,No,No,No,Yes,No,No,No,No,No,No,No,No,No,No,No,No,No,No,No,No,No,No,No,No,No,No,No,No,No,No,42,93,100,No,No,31106,72428,0,0.1,0.1,0,0.145,140440,60625,15.132,25.44,75.3,36.3,11.5,11.6,87.18,0.7,615,55,0.059,0.021,-10.86,140.6
9.7.2024,10:30.8,49.9,4937,2977,62.3,0.993,0.96,1.027,0.957,1.027,0.888,0.751,3665,3481.7,3848.2,3481.7,3848.2,91.6,3206.9,139.6,428,50.2,225.6,56.5,117.5,62.2,118.3,58.5,139.6,3.3,10.6,1.9,5.3,0.5,2.8,2.1,2.6,0.5,10.6,3.3,100,10.7,32.2,3.8,16.5,4.7,9.1,4.8,9.2,5,10.7,40,38,42,38,42,35,50,52,50,52,48,50,48,50,48,52,52,52,No,No,No,No,No,No,No,No,No,No,No,No,No,No,No,No,No,No,59,59,51,0.73,9.668,6.184,1.926,0.226,10.256,1.558,0.438,0.866,51,15,51,51,450,0.6,0,0,0,0,0,427,2,69.6,3.6,11,1.3,5.6,1.5,3,1.6,3.1,1.6,88,82,89,91.1,90.1,1954.7,21.33,36,39,39,90,129,598,1,2,Yes,No,No,No,No,No,No,No,No,No,Yes,No,No,No,No,No,No,No,No,No,No,No,No,No,No,No,No,No,No,No,No,No,No,No,No,No,No,43,93,100,No,No,31106,72428,0,0.2,0.2,0,0.542,140440,60626,15.045,25.44,75.3,36.3,9.7,9.8,103.57,0.77,615,55,0,0,-11.79,129.4
9.7.2024,10:32.8,49.9,4937,2977,62.3,1.031,1.035,1.027,1.032,1.027,0.888,0.751,3848.2,3848.2,3848.2,3848.2,3848.2,91.6,3298.5,139.2,448.2,124.8,149.8,42.8,148.5,63.4,97.5,38.9,139.2,3.2,11.1,2.9,3.5,0.9,3.5,0.6,2.2,0.8,11.1,3.2,100,10.6,33.6,9.1,11,3.5,11.7,5,7.5,3.2,10.6,42,42,42,42,42,36,50,51,51,51,49,50,49,49,49,51,52,51,No,No,No,No,No,No,No,No,No,No,No,No,No,No,No,No,No,No,58,58,51,0.73,6.152,6.114,1.789,0.23,10.201,1.551,0.421,0.869,51,15,51,51,450,0.5,0,0,0,0,0,427,2,69.8,3.5,11.5,3.1,3.7,1.1,3.8,1.6,2.5,1,88.6,80,92.2,89.6,92.8,1954.7,21.33,36,39,39,90,129,598,1,2,Yes,No,No,No,No,No,No,No,No,No,Yes,No,No,No,No,No,No,No,No,No,No,No,No,No,No,No,No,No,No,No,No,No,No,No,No,No,No,42,93,100,No,No,31106,72428,0,0.1,0.1,0,0.367,140440,60627,14.996,25.425,75.3,36.3,8.3,8.4,120.13,0.79,615,55,0.029,0,-12.735,119.8
9.7.2024,10:34.8,49.9,4936,2977,62.3,1.012,0.96,1.027,1.032,1.027,0.871,0.751,3756.6,3481.7,3848.2,3848.2,3848.2,91.6,3206.9,138.6,415.1,47,216,36.7,161.9,59.8,120.7,51.2,138.6,4.4,11,1.9,5.9,2.4,4.7,2.9,3.5,2.7,11,4.4,100,10.6,31.1,3.5,15.8,3,12.3,4.6,10,4.3,10.6,41,38,42,42,42,35,50,51,49,50,48,50,49,51,50,52,52,51,No,No,No,No,No,No,No,No,No,No,No,No,No,No,No,No,No,No,59,59,51,0.732,6.152,6.23,1.903,0.22,10.107,1.554,0.421,0.81,51,15,51,51,450,0.5,0,0,0,0,0,427,2,70.1,3.5,10.5,1.2,5.3,1,4.1,1.5,3.3,1.3,88.4,83.5,90.7,90.3,89,1954.7,21.33,36,39,39,90,129,598,1,2,Yes,No,No,No,No,No,No,No,No,No,Yes,No,No,No,No,No,No,No,No,No,No,No,No,No,No,No,No,No,No,No,No,No,No,No,No,No,No,42,93,100,No,No,31106,72428,0,0.1,0.1,0,0.29,140440,60628,14.953,25.425,75.3,36.3,7.5,7.6,134.11,0.76,615,55,0.058,0,-9,169.5
9.7.2024,10:36.8,49.9,4936,2977,62.3,1.012,1.035,1.027,0.957,1.027,0.888,0.751,3756.6,3848.2,3848.2,3481.7,3848.2,91.6,3298.5,139.8,417.6,17.2,220.4,63,111.5,74.6,139.9,74.3,139.8,3.1,10.3,0.3,5.2,1.4,1.9,1.7,3.2,0.9,10.3,3.1,100,10.7,31.3,1.4,16.1,5.2,8.4,5.7,11.1,6.1,10.7,41,42,42,38,42,36,51,50,53,50,52,49,50,47,50,48,53,53,No,No,No,No,No,No,No,No,No,No,No,No,No,No,No,No,No,No,59,59,51,0.73,5.566,6.365,1.995,0.191,10.306,1.569,0.464,0.902,51,15,51,51,450,0.8,0,0,0,0,0,427,2,69.9,3.6,10.6,0.5,5.5,1.6,2.8,1.9,3.7,1.9,88.3,83.7,89.1,91.7,88.6,1954.7,21.33,36,39,39,90,129,598,1,2,Yes,No,No,No,No,No,No,No,No,No,Yes,No,No,No,No,No,No,No,No,No,No,No,No,No,No,No,No,No,No,No,No,No,No,No,No,No,No,42,93,100,No,No,31106,72428,0,0.1,0.1,0,0.285,140440,60628,15.135,25.425,75.3,36.3,6.8,6.9,146.4,0.75,615,55,0,0,-8.31,183.6
9.7.2024,10:38.8,49.9,4936,2978,62.3,1.031,1.035,1.027,1.032,1.03,0.888,0.748,3848.2,3848.2,3848.2,3848.2,3848.2,91.6,3298.5,139.7,433.4,20.5,211,54.5,136.1,71.8,132.3,57.7,139.7,3.3,10.6,0,4.9,0.4,3.9,1.5,3,2,10.6,3.3,100,10.6,32.7,1.6,15.6,4.4,10.5,5.5,10,4.6,10.6,42,42,42,42,42,36,52,53,51,52,53,48,47,49,48,47,53,53,No,No,No,No,No,No,No,No,No,No,No,No,No,No,No,No,No,No,58,58,51,0.73,6.152,6.043,1.739,0.224,10.244,1.56,0.444,0.869,51,15,51,51,450,0.7,0,0,0,0,0,427,2,69.6,3.6,11.1,0.6,5.2,1.4,3.5,1.8,3.4,1.5,88.5,82.5,90,90.5,91,1954.7,21.33,36,39,39,90,129,598,1,2,Yes,No,No,No,No,No,No,No,No,No,Yes,No,No,No,No,No,No,No,No,No,No,No,No,No,No,No,No,No,No,No,No,No,No,No,No,No,No,42,93,100,No,No,31106,72428,0,0.1,0.1,0,0.275,140440,60629,15.099,25.41,75.2,36.3,6.2,6.3,161.34,0.81,615,55,0.088,0.034,-8.16,186.8
9.7.2024,10:40.8,49.9,4935,2979,62.3,0.994,0.96,0.955,1.032,1.027,0.888,0.751,3665,3481.7,3481.7,3848.2,3848.2,91.6,3298.5,138.5,425.8,26.9,227.3,58.6,152.2,56.6,124.1,36.5,138.5,3.4,10.5,1.3,5.3,2,3.6,1.2,2.8,0.8,10.5,3.4,100,10.6,31.9,2.1,17.1,5,11.5,4.4,9.4,3.1,10.5,40,38,38,42,42,36,51,49,51,50,53,49,51,49,50,47,53,53,No,No,No,No,No,No,No,No,No,No,No,No,No,No,No,No,No,No,58,58,52,0.732,9.668,6.354,1.972,0.225,10.163,1.555,0.416,0.881,51,15,51,51,450,0.4,0,0,0,0,0,427,2,70.2,3.5,10.8,0.7,5.7,1.5,3.8,1.4,3.2,1,88.6,83.5,88,90.9,91.9,1954.7,21.33,36,39,39,90,129,598,1,2,Yes,No,No,No,No,No,No,No,No,No,Yes,No,No,No,No,No,No,No,No,No,No,No,No,No,No,No,No,No,No,No,No,No,No,No,No,No,No,42,93,100,No,No,31106,72428,0,0.1,0.1,0,0.354,140440,60629,15.122,25.41,75.2,36.3,5.9,6,170.15,0.83,615,55,0,0,-8.58,177.7
9.7.2024,10:42.8,49.9,4935,2979,62.3,0.976,0.96,0.955,1.032,0.955,0.888,0.751,3573.4,3481.7,3481.7,3848.2,3481.7,91.6,3298.5,142.4,417.3,44.5,191.4,62,95.5,87.2,201.7,39.7,142.4,3.4,10.4,1,4.6,1.4,2.3,2,4.8,0.9,10.4,3.4,100,10.9,31.4,3.3,13.9,5.2,7.6,6.7,15.4,3.3,10.9,39,38,38,42,38,36,50,48,50,50,51,50,52,50,50,49,53,51,No,No,No,No,No,No,No,No,No,No,No,No,No,No,No,No,No,No,58,58,51,0.73,6.445,6.426,2.064,0.238,10.24,1.55,0.421,0.874,51,15,51,51,450,0.5,0,0,0,0,0,427,2,70,3.6,10.7,1.1,4.7,1.7,2.5,2.2,5.1,1,88.2,82.9,89.8,90.9,89.1,1954.7,21.33,36,39,39,90,129,598,1,2,Yes,No,No,No,No,No,No,No,No,No,Yes,No,No,No,No,No,No,No,No,No,No,No,No,No,No,No,No,No,No,No,No,No,No,No,No,No,No,42,93,100,No,No,31106,72428,0,0.1,0.1,0,0.311,140440,60630,15.094,25.41,75.2,36.3,5.5,5.6,180.34,0.79,615,55,2.771,0,-10.665,142.9
9.7.2024,10:44.8,49.9,4934,2980,62.3,1.031,1.035,1.027,1.032,1.03,0.888,0.751,3848.2,3848.2,3848.2,3848.2,3848.2,91.6,3298.5,144,414.7,44.3,292.5,46.9,173.9,62.8,88.3,28.4,144,4,10.9,1,7.7,1.8,4.9,2.1,2.8,0.6,10.9,4,100,10.9,31.3,3.3,21.8,3.9,13.4,4.9,6.7,2.3,10.9,42,42,42,42,42,36,51,49,52,50,53,49,51,48,50,47,53,53,No,No,No,No,No,No,No,No,No,No,No,No,No,No,No,No,No,No,60,60,51,0.732,5.566,6.562,2.264,0.197,10.304,1.554,0.426,0.907,51,15,51,51,450,0.4,0,0,0,0,0,427,2,69.3,3.7,10.6,1.1,7.3,1.2,4.4,1.6,2.3,0.8,88.3,82.8,86.9,89.5,94,1954.7,21.33,36,39,39,90,129,598,1,2,Yes,No,No,No,No,No,No,No,No,No,Yes,No,No,No,No,No,No,No,No,No,No,No,No,No,No,No,No,No,No,No,No,No,No,No,No,No,No,42,93,100,No,No,31106,72428,0,0.1,0.1,0,0.381,140440,60631,15.1,25.395,75.2,36.3,5.6,5.6,180.13,0.74,615,55,0.058,0,-12.975,117.4
9.7.2024,10:46.8,49.9,4934,2980,62.3,1.012,0.96,1.027,1.032,1.03,0.888,0.748,3756.6,3481.7,3848.2,3848.2,3848.2,91.6,3298.5,151.9,370.9,27,242.8,77.8,216.7,63.3,121.9,95,151.9,3.4,9.1,0.5,5.8,0.9,5.1,0.6,2.4,2.9,9.1,3.4,100,11.4,28.2,2.1,18,6.4,16.5,4.9,8,7,11.4,41,38,42,42,42,36,52,49,49,50,61,48,51,51,50,39,51,61,No,No,No,No,No,No,No,No,No,No,No,No,No,No,No,No,No,No,58,58,51,0.732,6.445,6.45,1.962,0.213,10.557,1.567,0.473,0.962,51,15,51,51,450,0.6,0,0,0,0,0,427,2,68.2,3.9,9.5,0.7,6,2,5.5,1.6,3.1,2.4,87.8,84.1,87.5,88,91.6,1954.7,21.33,36,39,39,90,129,598,1,2,Yes,No,No,No,No,No,No,No,No,No,Yes,No,No,No,No,No,No,No,No,No,No,No,No,No,No,No,No,No,No,No,No,No,No,No,No,No,No,42,93,100,No,No,31106,72428,0,0.1,0.1,0.008,0.32,140440,60631,15.079,25.395,75.2,36.3,5.1,5.2,194.44,0.72,615,55,2.741,0,-10.875,140.1
9.7.2024,10:48.8,49.9,4935,2979,62.3,1.012,0.96,1.027,1.032,1.027,0.888,0.751,3756.6,3481.7,3848.2,3848.2,3848.2,91.6,3298.5,138.1,404.8,18.6,190.6,83.1,148.2,136.4,73.6,49.8,138.1,3.5,10.1,1.2,4.6,2.8,3.6,3.2,2.2,0.4,10.1,3.5,100,10.6,30.8,1.5,14.2,6.5,11.4,10.2,7,3.7,10.6,41,38,42,42,42,36,48,49,49,50,46,52,51,51,50,54,51,50,No,No,No,No,No,No,No,No,No,No,No,No,No,No,No,No,No,No,58,58,52,0.732,5.274,6.217,1.888,0.236,10.251,1.551,0.448,0.873,51,15,51,51,450,0.7,0,0,0,0,0,427,2,69.5,3.5,10.5,0.5,4.8,2.1,3.7,3.4,1.9,1.2,88.6,82.7,89.2,88.5,94.2,1954.7,21.33,36,39,39,90,129,598,1,2,Yes,No,No,No,No,No,No,No,No,No,Yes,No,No,No,No,No,No,No,No,No,No,No,No,No,No,No,No,No,No,No,No,No,No,No,No,No,No,42,93,100,No,No,31106,72428,0,0.2,0.2,0,0.419,140440,60632,14.874,25.38,75.1,36.3,5,5.1,199.27,0.82,615,55,0.029,0,-9.585,158.9
9.7.2024,10:50.8,49.9,4934,2980,62.3,0.975,0.96,0.955,0.957,1.027,0.873,0.753,3573.4,3481.7,3481.7,3481.7,3848.2,91.6,3206.9,141.4,361,22.5,221.4,60.4,176,135.9,139.3,15,141.4,3.5,8.9,0.5,5.2,1.3,4.2,3.9,3.3,1,8.9,3.5,100,10.7,27.5,1.7,16.4,5,13.3,10,10.4,1.2,10.7,39,38,38,38,42,35,49,49,51,50,46,51,51,49,50,54,51,51,No,No,No,No,No,No,No,No,No,No,No,No,No,No,No,No,No,No,59,59,50,0.732,9.668,6.195,1.782,0.226,10.22,1.552,0.444,0.879,51,15,51,51,450,0.7,0,0,0,0,0,427,2,70.3,3.6,9.3,0.6,5.6,1.6,4.4,3.4,3.6,0.4,88.4,84.2,88.4,88,93,1954.7,21.33,36,39,39,90,129,598,1,2,Yes,No,No,No,No,No,No,No,No,No,Yes,No,No,No,No,No,No,No,No,No,No,No,No,No,No,No,No,No,No,No,No,No,No,No,No,No,No,42,93,100,No,No,31106,72428,0,0.1,0.1,0,0.244,140440,60633,15.101,25.38,75.1,36.3,4.8,4.9,208.51,0.89,615,55,0,0,-8.46,180
9.7.2024,10:52.8,49.9,4934,2980,62.3,0.954,0.955,0.95,0.957,0.955,0.873,0.751,3481.7,3481.7,3481.7,3481.7,3481.7,91.6,3206.9,142.2,417.3,15.6,242.7,54,157.9,79.9,94.2,76,142.2,3.2,10.3,0,5.7,0.4,3.7,1.8,2.1,1.7,10.3,3.2,100,10.8,31.5,1.3,18.2,4.4,12.1,6.3,7.3,5.5,10.8,38,38,38,38,38,35,51,52,50,53,48,49,48,50,47,52,53,53,No,No,No,No,No,No,No,No,No,No,No,No,No,No,No,No,No,No,57,57,52,0.732,7.617,6.162,1.851,0.199,10.37,1.539,0.42,0.901,51,15,51,51,450,0.4,0,0,0,0,0,427,2,69.4,3.6,10.7,0.4,6.1,1.4,4,2,2.4,1.9,87.9,82.2,87.4,89.4,92.7,1954.7,21.33,36,39,39,90,129,598,1,2,Yes,No,No,No,No,No,No,No,No,No,Yes,No,No,No,No,No,No,No,No,No,No,No,No,No,No,No,No,No,No,No,No,No,No,No,No,No,No,42,93,100,No,No,31106,72428,0.3,0.1,0.4,0.296,0.332,140441,60633,15.125,25.38,75.1,36.3,4.7,4.7,214.19,0.89,615,55,0.088,0.034,-9.465,160.9
9.7.2024,10:54.8,49.9,4933,2981,62.3,1.012,0.96,1.027,1.032,1.027,0.871,0.751,3756.6,3481.7,3848.2,3848.2,3848.2,91.6,3206.9,150.9,374.7,20.2,274.7,58.5,211.9,101.8,116.1,49.7,150.9,3.7,9.3,0.4,6.6,2.1,5.1,2.4,2.7,1.1,9.3,3.7,100,11.5,28.5,1.6,20.5,4.8,16.1,7.7,8.7,3.7,11.5,41,38,42,42,42,35,49,49,50,50,48,51,51,50,50,52,52,50,No,No,No,No,No,No,No,No,No,No,No,No,No,No,No,No,No,No,59,59,51,0.732,6.152,6.245,1.911,0.227,10.507,1.537,0.427,0.906,51,15,51,51,450,0.5,0,0,0,0,0,427,2,69.1,3.9,9.7,0.6,6.9,1.5,5.4,2.6,3,1.3,87.6,83.7,86.6,87.2,93,1954.7,21.33,36,39,39,90,129,598,1,2,Yes,No,No,No,No,No,No,No,No,No,Yes,No,No,No,No,No,No,No,No,No,No,No,No,No,No,No,No,No,No,No,No,No,No,No,No,No,No,42,93,100,No,No,31106,72428,0.1,0.1,0.2,0.075,0.361,140441,60634,15.078,25.365,75.1,36.3,4.6,4.6,218.4,0.85,615,55,0.029,0,-9.99,152.3
9.7.2024,10:56.8,49.9,4930,2983,62.3,1.031,1.035,1.027,1.032,1.027,0.888,0.751,3848.2,3848.2,3848.2,3848.2,3848.2,91.6,3298.5,143.2,380.9,57.2,256.5,60.7,169.8,61.1,129.8,29.2,143.2,3.4,9.5,1.2,6.2,1.4,4.1,1.4,3.1,0,9.5,3.4,100,11,28.8,5.4,18.9,4.7,13,4.8,9.9,2.2,11,42,42,42,42,42,36,48,49,50,50,45,52,51,50,50,55,52,50,No,No,No,No,No,No,No,No,No,No,No,No,No,No,No,No,No,No,58,58,50,0.732,6.445,6.003,1.606,0.218,10.443,1.541,0.467,0.898,51,15,51,51,450,0.7,0,0,0,0,0,427,2,69.8,3.6,9.7,1.6,6.4,1.6,4.3,1.6,3.3,0.7,88.4,82.7,88.6,89.7,92.6,1954.7,21.33,36,39,39,90,129,598,1,2,Yes,No,No,No,No,No,No,No,No,No,Yes,No,No,No,No,No,No,No,No,No,No,No,No,No,No,No,No,No,No,No,No,No,No,No,No,No,No,43,93,100,No,No,31106,72428,0,0.1,0.1,0,0.303,140441,60635,15.1,25.365,75.1,36.3,4.7,4.4,213.63,0.82,615,55,0,0,-9.48,160.5
9.7.2024,10:58.8,49.9,4930,2984,62.2,1.012,0.96,1.027,1.032,1.027,0.871,0.751,3756.6,3481.7,3848.2,3848.2,3848.2,91.6,3206.9,153.5,401.6,118.1,220.8,85.1,172.8,73.3,126.7,29.7,153.5,4.4,10.6,3.5,6,2.7,4.8,2.4,3.7,1.4,10.6,4.4,100,11.6,30.4,8.9,16.2,6.5,13,5.6,10,2.2,11.6,41,38,42,42,42,35,51,51,51,53,48,49,49,49,47,52,52,53,No,No,No,No,No,No,No,No,No,No,No,No,No,No,No,No,No,No,59,59,51,0.732,6.152,6.386,2.074,0.196,10.517,1.527,0.434,0.856,51,15,51,51,450,0.4,0,0,0,0,0,427,2,68.4,3.9,10.3,3,5.5,2.2,4.4,1.9,3.3,0.8,87.9,80.9,89.2,89.6,91.8,1954.7,21.33,36,39,39,90,129,598,1,2,Yes,No,No,No,No,No,No,No,No,No,Yes,No,No,No,No,No,No,No,No,No,No,No,No,No,No,No,No,No,No,No,No,No,No,No,No,No,No,43,93,100,No,No,31106,72428,0,0.2,0.2,0.04,0.39,140441,60635,15.113,25.365,75.1,36.3,4.4,4.5,226.3,0.89,615,55,0.029,0,-9.84,154.7
9.7.2024,11:00.8,49.9,4930,2984,62.2,0.993,0.96,1.027,0.957,1.027,0.871,0.751,3665,3481.7,3848.2,3481.7,3848.2,91.6,3206.9,138,350.6,65.3,257.3,39.7,152,72.4,129.9,37.1,138,3.1,8.7,2.3,6.1,0.8,2.8,0.8,3,0,8.7,3.1,100,10.5,26.3,5.4,19.2,3.1,11.4,5.6,10,2.8,10.5,40,38,42,38,42,35,54,53,51,64,49,46,47,49,36,51,64,64,No,No,No,No,No,No,No,No,No,No,No,No,No,No,No,No,No,No,65,65,51,0.732,12.012,6.303,1.853,0.21,10.278,1.534,0.446,0.884,51,15,51,51,450,0.6,0,0,0,0,0,427,2,70.7,3.5,9,1.8,6.5,1,3.8,1.8,3.4,0.9,88.5,83.9,88.1,90.3,91.8,1954.7,21.33,36,39,39,90,129,598,1,2,Yes,No,No,No,No,No,No,No,No,No,Yes,No,No,No,No,No,No,No,No,No,No,No,No,No,No,No,No,No,No,No,No,No,No,No,No,No,No,43,93,100,No,No,31106,72428,0,0.2,0.2,0,0.302,140441,60636,15.09,25.35,75,36.3,4.3,4.4,232.82,0.88,615,55,0,0,-9.69,156.9
9.7.2024,11:02.8,49.9,4930,2984,62.2,1.012,0.96,1.027,1.032,1.027,0.888,0.751,3756.6,3481.7,3848.2,3848.2,3848.2,91.6,3298.5,131.4,383.8,26.5,106.3,115.3,115.8,116.9,137.2,49,131.4,3.3,9.5,0,2.5,2.7,3.5,2.7,3.2,1.8,9.5,3.3,100,10.1,28.7,2.3,8.3,8.5,9.7,8.8,10.7,3.6,10.1,41,38,42,42,42,36,48,49,49,49,44,52,51,51,51,56,51,49,No,No,No,No,No,No,No,No,No,No,No,No,No,No,No,No,No,No,56,56,50,0.732,9.375,6.136,1.685,0.227,10.227,1.526,0.421,0.961,51,15,51,51,450,0.3,0,0,0,0,0,427,2,72.7,3.4,9.9,0.8,2.8,2.9,3.1,2.9,3.5,1.2,88.9,83.9,91,89,91.7,1954.7,21.33,36,39,39,90,129,598,1,2,Yes,No,No,No,No,No,No,No,No,No,Yes,No,No,No,No,No,No,No,No,No,No,No,No,No,No,No,No,No,No,No,No,No,No,No,No,No,No,42,93,100,No,No,31106,72428,0,0.1,0.1,0,0.249,140441,60636,15.055,25.35,75,36.3,4.1,4.2,242.61,0.89,615,55,0.071,0.042,-9.03,168.4
9.7.2024,11:04.8,49.9,4930,2984,62.2,1.031,1.035,1.027,1.032,1.027,0.891,0.751,3848.2,3848.2,3848.2,3848.2,3848.2,91.6,3298.5,146.1,362.2,49.1,209.7,98.1,50.8,121.8,189.3,87.6,146.1,3.4,8.9,1.1,5,1.5,0.3,3.6,4.5,2,8.9,3.4,100,11.1,27.1,4.2,16.1,7.3,4.1,9.1,14.4,6.4,11.1,42,42,42,42,42,36,48,49,49,50,45,52,51,51,50,55,51,50,No,No,No,No,No,No,No,No,No,No,No,No,No,No,No,No,No,No,56,56,50,0.732,5.859,6.36,1.919,0.198,10.412,1.529,0.426,0.929,51,15,51,51,450,0.4,0,0,0,0,0,427,2,70.3,3.7,9.3,1.3,5.4,2.4,1.4,3,4.8,2.2,88,83.8,86.4,91.9,90.1,1954.7,21.33,36,39,39,90,129,598,1,2,Yes,No,No,No,No,No,No,No,No,No,Yes,No,No,No,No,No,No,No,No,No,No,No,No,No,No,No,No,No,No,No,No,No,No,No,No,No,No,42,93,100,No,No,31106,72428,0,0.2,0.2,0,0.467,140441,60637,15.018,25.335,75,36.3,4,4,251.76,0.86,615,55,0.083,0.053,-8.61,176.6
9.7.2024,11:06.8,49.9,4930,2984,62.2,0.993,0.96,1.027,0.957,1.027,0.888,0.751,3665,3481.7,3848.2,3481.7,3848.2,91.6,3298.5,139.2,389,32.8,257,69.6,63.8,76.8,195.8,28.9,139.2,3.4,8.9,1.5,6.1,2.4,2.3,1,4.6,0.6,8.9,3.4,100,10.6,29.5,2.9,19.1,5.2,5.2,5.9,14.5,2.4,10.6,40,38,42,38,42,36,48,48,50,50,46,52,52,50,50,54,51,50,No,No,No,No,No,No,No,No,No,No,No,No,No,No,No,No,No,No,57,57,51,0.732,6.152,6.299,1.975,0.216,10.352,1.519,0.423,0.904,51,15,51,51,450,0.4,0,0,0,0,0,427,2,69.6,3.6,10.1,0.9,6.4,1.7,1.7,1.9,4.9,0.8,88.4,82.8,87.7,92.2,90.9,1954.7,21.33,36,39,39,90,129,598,1,2,Yes,No,No,No,No,No,No,No,No,No,Yes,No,No,No,No,No,No,No,No,No,No,No,No,No,No,No,No,No,No,No,No,No,No,No,No,No,No,42,93,100,No,No,31106,72428,0,0.1,0.1,0,0.369,140441,60638,15.023,25.335,75,36.3,3.9,3.9,259.3,0.83,615,55,0,0.026,-8.445,180
9.7.2024,11:08.8,,4929,2985,62.2,1.031,1.035,1.027,1.032,1.027,0.873,0.751,3848.2,3848.2,3848.2,3848.2,3848.2,91.6,3206.9,139,366.9,55.5,275.6,62,150,62.2,85.7,54,139,3.9,10.4,1.2,7.2,1.3,4.2,2.8,2.6,1.8,10.4,3.9,100,10.6,27.6,4.4,20.4,4.7,11.3,4.8,6.5,4.6,10.6,42,42,42,42,42,35,48,48,49,50,46,52,52,51,50,54,50,50,No,No,No,No,No,No,No,No,No,No,No,No,No,No,No,No,No,No,57,57,50,0.732,6.738,6.121,1.899,0.163,10.222,1.526,0.421,0.817,51,15,51,51,450,0.3,0,0,0,0,0,427,2,69.5,3.5,9.5,1.5,6.9,1.5,3.8,1.6,2.2,1.5,88.6,83.5,88.1,90.7,92,1954.7,21.33,36,39,39,90,129,598,1,2,Yes,No,No,No,No,No,No,No,No,No,Yes,No,No,No,No,No,No,No,No,No,No,No,No,No,No,No,No,No,No,No,No,No,No,No,No,No,No,42,93,100,No,No,31106,72428,0,0.1,0.1,0,0.209,140441,60638,15.101,25.335,75,36.3,3.9,3.9,259.51,0.81,615,55,0.116,0.054,-9.24,164.5
9.7.2024,11:10.8,49.9,4930,2984,62.2,0.976,0.96,0.955,1.032,0.955,0.888,0.751,3573.4,3481.7,3481.7,3848.2,3481.7,91.6,3298.5,183.1,449.3,42.6,334.5,59.6,208.4,108.2,160.4,102,183.1,4.4,11,1.6,8.1,2.1,4.9,1.7,3.8,2.3,11,4.4,100,13.9,33.9,3.7,24.8,4.6,15.6,8.3,12,8,13.9,39,38,38,42,38,36,50,49,50,50,49,50,51,50,50,51,51,50,No,No,No,No,No,No,No,No,No,No,No,No,No,No,No,No,No,No,57,57,50,0.732,9.961,7.251,3.059,0.178,11.148,1.549,0.453,0.842,51,15,51,51,450,0.4,0,0,0,0,0,427,2,63.7,4.7,11.5,1.1,8.4,1.5,5.2,2.7,4.1,2.6,85.3,79.2,85.6,87.6,88.6,1954.7,21.33,36,39,39,90,129,598,1,2,Yes,No,No,No,No,No,No,No,No,No,Yes,No,No,No,No,No,No,No,No,No,No,No,No,No,No,No,No,No,No,No,No,No,No,No,No,No,No,42,93,100,No,No,31106,72428,0,0.1,0.1,0,0.289,140441,60639,15.081,25.32,75,36.3,3.8,3.9,262.64,0.78,615,55,0,0,-11.52,131.9
9.7.2024,11:12.8,49.9,4929,2984,62.2,0.994,0.96,0.955,1.032,1.027,0.873,0.751,3665,3481.7,3481.7,3848.2,3848.2,91.6,3206.9,139.1,325.5,127.6,264.3,38.4,87.4,65,85.7,119.2,139.1,3.1,7.9,2.1,6.2,0,1.9,2.1,1.8,2.6,7.9,3.1,100,10.6,25,9.8,19.7,3,6.6,5,6.5,9.1,10.6,40,38,38,42,42,35,48,49,50,49,45,52,51,50,51,55,51,50,No,No,No,No,No,No,No,No,No,No,No,No,No,No,No,No,No,No,58,58,50,0.732,4.981,6.182,1.895,0.173,10.249,1.533,0.422,0.84,51,15,51,51,450,0.4,0,0,0,0,0,427,2,69.6,3.5,8.5,3.2,6.6,1,2.2,1.7,2.2,3,88.5,82.4,88.3,92.4,90.9,1954.7,21.33,36,39,39,90,129,598,1,2,Yes,No,No,No,No,No,No,No,No,No,Yes,No,No,No,No,No,No,No,No,No,No,No,No,No,No,No,No,No,No,No,No,No,No,No,No,No,No,42,93,100,No,No,31106,72428,0,0.1,0.1,0,0.287,140441,60639,15.073,25.32,75,36.3,3.8,3.8,265.17,0.77,615,55,0.029,0,-8.385,181.2
9.7.2024,11:14.8,49.9,4928,2985,62.2,1.012,1.035,1.027,1.032,0.955,0.888,0.751,3756.6,3848.2,3848.2,3848.2,3481.7,91.6,3206.9,139.3,327.2,40.2,287.2,44.9,184.3,68,130.7,32.1,139.3,3.2,8.1,0.2,6.9,1.8,4.5,0.8,3.1,0,8.1,3.2,100,10.6,24.9,3.4,21.5,3.5,13.9,5.3,9.8,2.6,10.6,41,42,42,42,38,35,48,49,49,50,45,52,51,51,50,55,50,50,No,No,No,No,No,No,No,No,No,No,No,No,No,No,No,No,No,No,58,58,50,0.732,6.445,6.352,1.877,0.202,10.502,1.533,0.421,1.04,51,15,51,51,450,0.3,0,0,0,0,0,427,2,69.5,3.5,8.5,1.1,7.2,1.1,4.6,1.7,3.3,0.8,88.4,84.2,87,89.6,92.8,1954.7,21.33,36,39,39,90,129,598,1,2,Yes,No,No,No,No,No,No,No,No,No,Yes,No,No,No,No,No,No,No,No,No,No,No,No,No,No,No,No,No,No,No,No,No,No,No,No,No,No,42,93,100,No,No,31106,72428,0,0.2,0.2,0,0.442,140441,60640,15.092,25.32,75,36.3,3.8,3.6,264.63,0.75,615,55,0.059,0,-9.945,152.8
9.7.2024,11:16.8,49.9,4930,2984,62.2,1.012,0.96,1.027,1.032,1.027,0.888,0.751,3756.6,3481.7,3848.2,3848.2,3848.2,91.6,3298.5,145.2,340.9,32.5,286.8,38.8,138,76.9,122.6,125,145.2,3.7,8.5,2.3,6.9,0.1,3.3,1.8,2.9,3.7,8.5,3.7,100,11.1,26,2.7,21.3,3,10.3,5.9,9.2,10,11.1,41,38,42,42,42,36,48,48,51,49,46,52,52,49,51,54,51,51,No,No,No,No,No,No,No,No,No,No,No,No,No,No,No,No,No,No,59,59,50,0.732,6.152,6.304,1.983,0.18,10.324,1.527,0.429,0.892,51,15,51,51,450,0.3,0,0,0,0,0,427,2,68.6,3.7,8.8,0.9,7.1,1,3.5,2,3.1,3.2,88,84.2,87.9,90.8,89,1954.7,21.33,36,39,39,90,129,598,1,2,Yes,No,No,No,No,No,No,No,No,No,Yes,No,No,No,No,No,No,No,No,No,No,No,No,No,No,No,No,No,No,No,No,No,No,No,No,No,No,42,93,100,No,No,31106,72428,0,0.1,0.1,0,0.256,140441,60641,15.1,25.305,74.9,36.3,3.6,3.6,281.34,0.73,615,55,2.741,0,-8.34,182.1
9.7.2024,11:18.8,49.9,4928,2986,62.2,0.976,0.96,0.955,1.032,0.955,0.873,0.751,3573.4,3481.7,3481.7,3848.2,3481.7,91.6,3206.9,141,330.7,23.8,315.3,71.2,192.6,62.7,103.8,27.8,141,4.3,8.9,1.2,8.3,3.1,5.3,2.8,3.1,2,8.9,4.3,100,10.7,25,2.1,23.6,5.4,14.6,4.9,7.7,2.2,10.7,39,38,38,42,38,35,49,49,49,50,49,51,51,51,50,51,51,50,No,No,No,No,No,No,No,No,No,No,No,No,No,No,No,No,No,No,59,59,50,0.732,5.274,6.328,1.934,0.193,10.311,1.532,0.422,0.976,51,15,51,51,450,0.4,0,0,0,0,0,427,2,69.7,3.6,8.5,0.7,8,1.8,4.8,1.6,2.6,0.7,88.6,85.3,85.2,89.2,94.5,1954.7,21.33,36,39,39,90,129,598,1,2,Yes,No,No,No,No,No,No,No,No,No,Yes,No,No,No,No,No,No,No,No,No,No,No,No,No,No,No,No,No,No,No,No,No,No,No,No,No,No,42,93,100,No,No,31106,72428,0,0.1,0.1,0,0.489,140441,60642,15.091,25.305,74.9,36.3,3.6,3.7,274.82,0.71,615,55,2.75,0,-8.865,171.3
9.7.2024,11:20.8,49.9,4929,2985,62.2,1.031,1.035,1.027,1.032,1.027,0.888,0.751,3848.2,3848.2,3848.2,3848.2,3848.2,91.6,3298.5,139.2,367.1,46.5,277.5,35.4,171.9,60.5,113.1,42,139.2,3.2,9,0.9,6.6,0.7,4,1.3,2.6,0.9,9,3.2,100,10.6,27.9,3.7,20.6,2.7,12.9,4.7,8.7,3.3,10.6,42,42,42,42,42,36,49,50,49,50,47,51,50,51,50,53,51,50,No,No,No,No,No,No,No,No,No,No,No,No,No,No,No,No,No,No,59,59,51,0.732,9.961,5.932,1.737,0.187,10.096,1.523,0.421,0.818,51,15,51,51,450,0.4,0,0,0,0,0,427,2,69.4,3.5,9.5,1.2,6.9,0.9,4.3,1.6,2.9,1.1,88.6,83.3,88.3,90.1,92.6,1954.7,21.33,36,39,39,90,129,598,1,2,Yes,No,No,No,No,No,No,No,No,No,Yes,No,No,No,No,No,No,No,No,No,No,No,No,No,No,No,No,No,No,No,No,No,No,No,No,No,No,42,93,100,No,No,31106,72428,0,0.2,0.2,0,0.338,140441,60642,15.087,25.29,74.9,36.3,3.6,3.6,280.37,0.69,615,55,0,0,-8.355,181.6
9.7.2024,11:22.8,49.9,4928,2986,62.2,0.991,0.96,1.027,1.022,0.955,0.873,0.751,3665,3481.7,3848.2,3848.2,3481.7,91.6,3206.9,141.3,328.6,111.2,238.2,44.5,200.3,62.9,116.1,28.7,141.3,3.3,8,2.5,5.6,0.9,4.7,1.3,2.7,0.5,8,3.3,100,10.8,25.3,8.7,17.9,3.4,15,4.8,8.9,2.2,10.8,40,38,42,42,38,35,48,49,49,49,45,52,51,51,51,55,51,49,No,No,No,No,No,No,No,No,No,No,No,No,No,No,No,No,No,No,58,58,50,0.732,6.445,6.07,1.751,0.18,10.214,1.528,0.421,0.904,51,15,51,51,450,0.5,0,0,0,0,0,427,2,69.7,3.6,8.6,2.8,5.9,1.1,5,1.6,3,0.8,88.5,82.5,88.9,89.2,93.4,1954.7,21.33,36,39,39,90,129,598,1,2,Yes,No,No,No,No,No,No,No,No,No,Yes,No,No,No,No,No,No,No,No,No,No,No,No,No,No,No,No,No,No,No,No,No,No,No,No,No,No,42,93,100,No,No,31106,72428,0,0.2,0.2,0,0.384,140441,60643,15.111,25.29,74.9,36.3,3.6,3.6,281.24,0.68,615,55,0.088,0.034,-8.415,180.3
9.7.2024,11:24.8,49.9,4928,2985,62.2,1.012,0.96,1.027,1.032,1.027,0.891,0.751,3756.6,3481.7,3848.2,3848.2,3848.2,91.6,3298.5,150.3,324.9,35,270.5,43.5,124.8,100.4,248.7,54.2,150.3,3.6,8.1,0.8,6.6,1,3,2.4,5.9,1.3,8.1,3.6,100,11.4,24.6,2.9,20.1,3.3,9.2,7.6,19.3,4.1,11.4,41,38,42,42,42,36,49,49,49,50,47,51,51,51,50,53,51,50,No,No,No,No,No,No,No,No,No,No,No,No,No,No,No,No,No,No,59,59,51,0.732,5.274,6.432,2.143,0.164,10.269,1.519,0.426,0.798,51,15,51,51,450,0.3,0,0,0,0,0,427,2,67.8,3.8,8.4,0.9,6.8,1.1,3.2,2.5,6.4,1.3,87.5,85.2,88.2,90.9,85.7,1954.7,21.33,36,39,39,90,129,598,1,2,Yes,No,No,No,No,No,No,No,No,No,Yes,No,No,No,No,No,No,No,No,No,No,No,No,No,No,No,No,No,No,No,No,No,No,No,No,No,No,42,93,100,No,No,31106,72428,0,0,0,0,0.209,140441,60644,15.106,25.29,74.9,36.3,3.7,3.6,270.78,0.67,615,55,0.059,0,-8.58,176.8
9.7.2024,11:26.8,49.9,4927,2986,62.2,1.01,0.96,1.027,1.032,1.02,0.888,0.751,3756.6,3481.7,3848.2,3848.2,3848.2,91.6,3298.5,148.9,326.5,71.5,248.8,47.9,151.8,75.4,237.7,31.6,148.9,4,8.7,2.3,6.6,1,4.3,2.4,6.3,0.6,8.7,4,100,11.3,24.9,5.7,18.6,3.7,11.6,6,17.8,2.4,11.3,41,38,42,42,42,36,49,49,50,49,48,51,51,50,51,52,51,50,No,No,No,No,No,No,No,No,No,No,No,No,No,No,No,No,No,No,56,56,51,0.732,8.496,6.219,1.957,0.174,10.355,1.526,0.432,0.892,51,15,51,51,450,0.4,0,0,0,0,0,427,2,68.7,3.8,8.4,1.9,6.2,1.2,3.8,2,6,0.8,87.8,84.1,88.4,89.6,88.8,1954.7,21.33,36,39,39,90,129,598,1,2,Yes,No,No,No,No,No,No,No,No,No,Yes,No,No,No,No,No,No,No,No,No,No,No,No,No,No,No,No,No,No,No,No,No,No,No,No,No,No,42,93,100,No,No,31106,72428,0,0.1,0.1,0,0.308,140441,60644,15.092,25.275,74.8,36.3,3.5,3.6,283.18,0.66,615,55,0,0,-8.79,172.5
9.7.2024,11:28.8,49.9,4927,2987,62.2,0.975,0.96,1.027,0.957,0.955,0.888,0.753,3573.4,3481.7,3848.2,3481.7,3481.7,91.6,3298.5,144.7,321.6,49.1,302.8,48,188.8,60.8,157,29.3,144.7,3.5,7.8,0.9,7.2,1.7,4.3,1.2,3.5,1.2,7.8,3.5,100,11,24.5,4,22.4,3.6,14.2,4.7,12.2,2.3,11,39,38,42,38,38,36,48,49,48,51,46,52,51,52,49,54,51,51,No,No,No,No,No,No,No,No,No,No,No,No,No,No,No,No,No,No,57,57,50,0.732,7.031,6.225,2.113,0.182,10.07,1.52,0.425,0.763,51,15,51,51,450,0.4,0,0,0,0,0,427,2,69.9,3.7,8.3,1.3,7.5,1.2,4.8,1.5,4.1,0.8,88,84.7,87.4,89.4,90.4,1954.7,21.33,36,39,39,90,129,598,1,2,Yes,No,No,No,No,No,No,No,No,No,Yes,No,No,No,No,No,No,No,No,No,No,No,No,No,No,No,No,No,No,No,No,No,No,No,No,No,No,41,93,100,No,No,31106,72428,0,0.1,0.1,0,0.341,140441,60645,15.121,25.275,74.8,36.3,3.7,3.8,270.41,0.64,615,55,0.029,0,-9.15,165.7
9.7.2024,11:30.8,49.9,4927,2986,62.2,1.012,0.96,1.027,1.032,1.027,0.888,0.751,3756.6,3481.7,3848.2,3848.2,3848.2,91.6,3298.5,153.2,303.9,70.6,261.6,54.2,262.7,80.4,121.8,70.2,153.2,3.7,7.6,1.7,6.4,1.3,6.4,1.9,3,1.6,7.6,3.7,100,11.8,23.1,5.8,19.5,4.1,19.5,6.1,9.3,6.5,11.8,41,38,42,42,42,36,49,49,51,50,46,51,51,49,50,54,51,51,No,No,No,No,No,No,No,No,No,No,No,No,No,No,No,No,No,No,60,60,51,0.732,5.274,6.803,2.436,0.177,10.614,1.534,0.452,0.898,51,15,51,51,450,0.7,0,0,0,0,0,427,2,66.3,3.9,7.8,1.8,6.6,1.4,6.5,2,3.1,2.1,86.3,84.3,87.5,86.8,86.4,1954.7,21.33,36,39,39,90,129,598,1,2,Yes,No,No,No,No,No,No,No,No,No,Yes,No,No,No,No,No,No,No,No,No,No,No,No,No,No,No,No,No,No,No,No,No,No,No,No,No,No,41,93,100,No,No,31106,72428,0,0.3,0.3,0,0.356,140441,60645,15.08,25.275,74.8,36.3,3.7,3.7,272.11,0.65,615,55,0,0,-11.445,132.5
9.7.2024,11:32.8,49.9,4927,2987,62.2,1.012,0.96,1.027,1.032,1.027,0.888,0.751,3756.6,3481.7,3848.2,3848.2,3848.2,91.6,3298.5,137,347.4,35.7,232.8,101,199.2,52.7,104.7,22.4,137,3.1,8.5,0,5.5,2.3,4.7,1.1,2.4,0,8.5,3.1,100,10.4,26.6,3,17.5,7.4,14.9,4.1,8,1.7,10.4,41,38,42,42,42,36,48,48,49,49,47,52,52,51,51,53,50,49,No,No,No,No,No,No,No,No,No,No,No,No,No,No,No,No,No,No,59,59,50,0.732,5.859,6.248,1.99,0.209,10.124,1.528,0.419,0.875,51,15,51,51,450,0.4,0,0,0,0,0,427,2,70,3.5,9,0.9,5.8,2.5,5,1.3,2.7,0.6,88.8,83.8,87.7,89.5,94.1,1954.7,21.33,36,39,39,90,129,598,1,2,Yes,No,No,No,No,No,No,No,No,No,Yes,No,No,No,No,No,No,No,No,No,No,No,No,No,No,No,No,No,No,No,No,No,No,No,No,No,No,41,93,100,No,No,31106,72428,0,0.1,0.1,0,0.241,140441,60646,15.018,25.26,74.8,36.3,3.8,3.7,262.52,0.69,615,55,0.029,0,-10.23,148.2
9.7.2024,11:34.8,49.9,4927,2986,62.2,1.012,0.96,1.027,1.032,1.027,0.888,0.753,3756.6,3481.7,3848.2,3848.2,3848.2,91.6,3298.5,139.5,370.3,54.6,213.9,97.6,140.3,46.7,115.7,76.9,139.5,3.3,9,1.2,5.1,1.4,3.3,1,2.6,2.5,9,3.3,100,10.7,28,4.6,16.1,7.7,10.6,3.6,9,5.6,10.7,41,38,42,42,42,36,48,48,49,50,45,52,52,51,50,55,51,50,No,No,No,No,No,No,No,No,No,No,No,No,No,No,No,No,No,No,56,56,50,0.732,5.274,6.239,1.977,0.179,10.215,1.529,0.423,0.895,51,15,51,51,450,0.4,0,0,0,0,0,427,2,69.5,3.5,9.5,1.4,5.3,2.5,3.5,1.2,3,1.9,88.4,83.2,87.5,91.3,91.6,1954.7,21.33,36,39,39,90,129,598,1,2,Yes,No,No,No,No,No,No,No,No,No,Yes,No,No,No,No,No,No,No,No,No,No,No,No,No,No,No,No,No,No,No,No,No,No,No,No,No,No,42,93,100,No,No,31106,72428,0,0.1,0.1,0,0.419,140441,60647,14.846,25.26,74.8,36.3,3.6,3.6,279.26,0.68,615,55,0.059,0,-9.135,165.9
9.7.2024,11:36.8,49.9,4930,2984,62.2,0.976,0.96,0.955,1.032,0.955,0.873,0.753,3573.4,3481.7,3481.7,3848.2,3481.7,91.6,3206.9,137.4,337.9,34.3,271.4,38.8,166.8,88.6,103.9,57.9,137.4,4.2,9,2.3,7.2,2.3,4.7,2.8,3.2,2,9,4.2,100,10.4,25.9,2.9,20.2,2.9,12.3,6.7,8.2,4.2,10.4,39,38,38,42,38,35,48,49,48,49,45,52,51,52,51,55,51,49,No,No,No,No,No,No,No,No,No,No,No,No,No,No,No,No,No,No,54,54,50,0.732,5.274,6.337,1.942,0.18,10.245,1.535,0.422,0.952,51,15,51,51,450,0.4,0,0,0,0,0,427,2,69.2,3.5,8.8,0.9,6.8,1,4.2,2.2,2.7,1.4,88.4,83.5,87.8,90.1,92.1,1954.7,21.33,36,39,39,90,129,598,1,2,Yes,No,No,No,No,No,No,No,No,No,Yes,No,No,No,No,No,No,No,No,No,No,No,No,No,No,No,No,No,No,No,No,No,No,No,No,No,No,42,93,100,No,No,31106,72428,0,0.2,0.2,0,0.44,140441,60648,15.057,25.26,74.8,36.3,3.7,3.8,269.27,0.66,615,55,0,0,-9.51,159.4
9.7.2024,11:38.9,49.9,4930,2984,62.2,0.976,0.96,0.955,1.032,0.955,0.873,0.751,3573.4,3481.7,3481.7,3848.2,3481.7,91.6,3206.9,141.8,357.2,49.1,257,43.2,212.1,69.6,126.6,20,141.8,3.4,8.8,1.1,6.2,1,5.1,1.6,3,0.4,8.8,3.4,100,10.8,27.5,4,19.2,3.3,15.8,5.4,9.5,1.5,10.8,39,38,38,42,38,35,49,48,50,50,47,51,52,50,50,53,50,50,No,No,No,No,No,No,No,No,No,No,No,No,No,No,No,No,No,No,58,58,50,0.732,6.152,6.288,1.972,0.187,10.209,1.533,0.424,0.873,51,15,51,51,450,0.4,0,0,0,0,0,427,2,69.1,3.6,9.3,1.3,6.4,1.1,5.3,1.8,3.2,0.5,88.4,82.7,88.6,88.9,93.6,1954.7,21.33,36,39,39,90,129,598,1,2,Yes,No,No,No,No,No,No,No,No,No,Yes,No,No,No,No,No,No,No,No,No,No,No,No,No,No,No,No,No,No,No,No,No,No,No,No,No,No,42,93,100,No,No,31106,72428,0,0.2,0.2,0,0.357,140441,60648,15.081,25.245,74.7,36.3,3.7,3.7,271.36,0.65,615,55,0.087,0.034,-9.54,158.8
9.7.2024,11:40.9,49.9,4930,2984,62.2,0.974,0.96,1.027,0.957,0.95,0.888,0.751,3573.4,3481.7,3848.2,3481.7,3481.7,91.6,3298.5,160.2,354.6,70.4,314.1,40.5,133.9,82.9,156.4,129,160.2,3.8,8.7,1.5,7.5,0.8,3.1,1.8,3.6,3,8.7,3.8,100,12.2,27.2,5.5,23.5,3.2,9.9,6.3,12.1,9.6,12.2,39,38,42,38,38,36,49,49,51,50,47,51,51,49,50,53,51,51,No,No,No,No,No,No,No,No,No,No,No,No,No,No,No,No,No,No,59,59,50,0.732,4.395,6.559,2.33,0.148,10.575,1.542,0.43,0.844,51,15,51,51,450,0.4,0,0,0,0,0,427,2,66,4.1,9.2,1.8,7.9,1,3.4,2.1,4,3.2,87,82.5,86.1,91,88.6,1954.7,21.33,36,39,39,90,129,598,1,2,Yes,No,No,No,No,No,No,No,No,No,Yes,No,No,No,No,No,No,No,No,No,No,No,No,No,No,No,No,No,No,No,No,No,No,No,No,No,No,42,93,100,No,No,31106,72428,0,0.1,0.1,0,0.375,140441,60649,15.063,25.245,74.7,36.3,3.7,3.8,268.98,0.64,615,55,0,0,-9.36,161.8
9.7.2024,11:42.9,49.9,4929,2985,62.2,0.975,0.96,1.027,0.957,0.955,0.888,0.753,3573.4,3481.7,3848.2,3481.7,3481.7,91.6,3298.5,140.7,381.1,58.2,256.2,48.6,95.9,63.4,203.5,18.8,140.7,3.4,9.4,1.4,6.2,1.2,2.3,1.5,4.9,0.4,9.4,3.4,100,10.7,29.1,4.6,19,3.7,7.5,5,15.2,1.5,10.7,39,38,42,38,38,36,48,49,49,49,46,52,51,51,51,54,51,49,No,No,No,No,No,No,No,No,No,No,No,No,No,No,No,No,No,No,57,57,51,0.732,5.274,6.102,1.852,0.175,10.026,1.533,0.422,0.771,51,15,51,51,450,0.3,0,0,0,0,0,427,2,69.9,3.6,9.9,1.5,6.4,1.2,2.5,1.6,5.1,0.5,88.4,82.3,88.8,91.7,91.1,1954.7,21.33,36,39,39,90,129,598,1,2,Yes,No,No,No,No,No,No,No,No,No,Yes,No,No,No,No,No,No,No,No,No,No,No,No,No,No,No,No,No,No,No,No,No,No,No,No,No,No,42,93,100,No,No,31106,72428,0,0.1,0.1,0,0.223,140441,60649,14.904,25.23,74.7,36.3,3.7,3.7,271.09,0.63,615,55,0.029,0,-8.625,175.5
9.7.2024,11:44.9,49.9,4929,2984,62.2,0.974,0.955,1.027,0.957,0.955,0.873,0.751,3573.4,3481.7,3848.2,3481.7,3481.7,91.6,3206.9,137.7,309.9,40.1,266.1,39.2,188,107.7,102.4,47.9,137.7,3.3,7.7,1,6.4,0.9,4.5,2.5,2.5,1.1,7.7,3.3,100,10.5,23.5,3.4,20.2,3.1,13.9,8.2,7.9,3.5,10.5,39,38,42,38,38,35,48,48,49,49,47,52,52,51,51,53,51,49,No,No,No,No,No,No,No,No,No,No,No,No,No,No,No,No,No,No,61,61,50,0.732,5.566,6.205,1.934,0.171,10.087,1.536,0.421,0.855,51,15,51,51,450,0.4,0,0,0,0,0,427,2,70,3.5,8,1.1,6.8,1,4.7,2.7,2.7,1.2,88.6,85.2,87.3,88.8,93.1,1954.7,21.33,36,39,39,90,129,598,1,2,Yes,No,No,No,No,No,No,No,No,No,Yes,No,No,No,No,No,No,No,No,No,No,No,No,No,No,No,No,No,No,No,No,No,No,No,No,No,No,42,93,100,No,No,31106,72428,0,0.1,0.1,0,0.294,140441,60650,15.058,25.23,74.7,36.3,3.6,3.6,280.54,0.63,615,55,0.059,0.123,-8.19,184.8
9.7.2024,11:46.9,49.9,4926,2987,62.2,0.975,0.96,0.955,0.957,1.027,0.873,0.753,3573.4,3481.7,3481.7,3481.7,3848.2,91.6,3206.9,146.3,322.8,46,304,57.9,208.1,75.5,111,45,146.3,3.4,7.9,0.9,7.2,1.2,4.9,1.6,2.5,0.9,7.9,3.4,100,11.1,24.5,3.8,22.7,4.4,15.5,5.7,8.8,3.5,11.1,39,38,38,38,42,35,48,49,49,50,46,52,51,51,50,54,51,50,No,No,No,No,No,No,No,No,No,No,No,No,No,No,No,No,No,No,58,58,50,0.732,6.152,6.078,1.83,0.182,10.234,1.529,0.43,0.839,51,15,51,51,450,0.4,0,0,0,0,0,427,2,69.3,3.7,8.3,1.2,7.6,1.4,5.2,1.9,2.9,1.2,88,84.6,86.6,88.9,91.6,1954.7,21.33,36,39,39,90,129,598,1,2,Yes,No,No,No,No,No,No,No,No,No,Yes,No,No,No,No,No,No,No,No,No,No,No,No,No,No,No,No,No,No,No,No,No,No,No,No,No,No,42,93,100,No,No,31106,72428,0,0.1,0.1,0,0.27,140441,60650,15.01,25.23,74.7,36.3,3.6,3.7,278.25,0.63,615,55,0,0,-12.615,120
9.7.2024,11:48.9,49.9,4927,2987,62.2,0.957,0.96,0.955,0.957,0.955,0.873,0.751,3481.7,3481.7,3481.7,3481.7,3481.7,91.6,3206.9,141.6,333.5,54.6,296.2,36,221.1,50.7,108.3,32.4,141.6,4,8.8,1.9,7.7,1.4,5.9,1.8,3.2,1.3,8.8,4,100,10.8,25.4,4.5,22.1,2.8,16.4,3.9,8.3,2.7,10.8,38,38,38,38,38,35,48,48,50,49,47,52,52,50,51,53,51,50,No,No,No,No,No,No,No,No,No,No,No,No,No,No,No,No,No,No,58,58,50,0.732,5.274,6.405,2.075,0.191,10.336,1.527,0.424,0.968,51,15,51,51,450,0.4,0,0,0,0,0,427,2,69.3,3.6,8.6,1.4,7.4,0.9,5.5,1.3,2.8,0.9,88.2,84,87.4,89.1,92.3,1954.7,21.33,36,39,39,90,129,598,1,2,Yes,No,No,No,No,No,No,No,No,No,Yes,No,No,No,No,No,No,No,No,No,No,No,No,No,No,No,No,No,No,No,No,No,No,No,No,No,No,42,93,100,No,No,31106,72428,0,0.1,0.1,0,0.459,140441,60651,15.094,25.215,74.6,36.3,3.6,3.7,275.22,0.62,615,55,2.75,0,-8.94,169.2
9.7.2024,11:50.9,49.9,4927,2987,62.2,1.01,0.96,1.027,1.032,1.02,0.873,0.753,3756.6,3481.7,3848.2,3848.2,3848.2,91.6,3206.9,143.7,340.1,44.7,315.3,39.6,167.7,69.9,102.8,69.9,143.7,3.3,8.3,0.9,7.5,0.7,3.8,1.5,2.3,1.4,8.3,3.3,100,10.9,25.6,3.8,23.3,3.1,12.9,5.5,7.9,5.4,10.9,41,38,42,42,42,35,51,51,50,52,50,49,49,50,48,50,52,52,No,No,No,No,No,No,No,No,No,No,No,No,No,No,No,No,No,No,59,59,49,0.732,6.445,5.944,1.697,0.228,10.065,1.521,0.421,0.786,51,15,51,51,450,0.4,0,0,0,0,0,427,2,70,3.7,8.8,1.2,7.9,1,4.3,1.8,2.7,1.8,88.3,84.5,87.2,89.2,92.3,1954.7,21.33,36,39,39,90,129,598,1,2,Yes,No,No,No,No,No,No,No,No,No,Yes,No,No,No,No,No,No,No,No,No,No,No,No,No,No,No,No,No,No,No,No,No,No,No,No,No,No,42,93,100,No,No,31106,72428,0,0.1,0.1,0,0.234,140441,60652,15.071,25.215,74.6,36.3,3.6,3.6,280.75,0.62,615,55,2.741,0,-8.31,182.1
9.7.2024,11:52.9,49.9,4927,2987,62.2,0.975,0.96,0.955,0.957,1.027,0.873,0.751,3573.4,3481.7,3481.7,3481.7,3848.2,91.6,3206.9,129.6,312.3,47.4,266.4,39.7,110.3,108.5,119.5,32.9,129.6,3.1,7.7,1.1,6.4,0.8,2.6,2.5,2.8,0.7,7.7,3.1,100,9.9,23.8,4,19.9,3.1,8.7,8.2,8.9,2.7,9.9,39,38,38,38,42,35,53,49,61,51,50,47,51,39,49,50,61,61,No,No,No,No,No,No,No,No,No,No,No,No,No,No,No,No,No,No,62,62,50,0.732,12.012,6.239,1.936,0.214,9.98,1.524,0.424,0.88,51,15,51,51,450,0.4,0,0,0,0,0,427,2,71.7,3.3,8.1,1.3,6.7,1,2.9,2.7,3,0.9,88.9,84.6,87.9,89.7,93.2,1954.7,21.33,36,39,39,90,129,598,1,2,Yes,No,No,No,No,No,No,No,No,No,Yes,No,No,No,No,No,No,No,No,No,No,No,No,No,No,No,No,No,No,No,No,No,No,No,No,No,No,42,93,100,No,No,31106,72428,0,0.1,0.1,0,0.342,140441,60652,15.037,25.215,74.6,36.3,3.6,3.5,279.47,0.62,615,55,0.088,0.034,-8.7,173.9
9.7.2024,11:54.9,49.9,4927,2987,62.2,0.992,0.96,0.955,1.032,1.02,0.873,0.751,3665,3481.7,3481.7,3848.2,3848.2,91.6,3206.9,135.4,345.8,36.2,203.5,36.2,193.5,85.6,131.3,50.8,135.4,3.2,8.5,0.7,4.8,0.7,4.6,1.9,3.1,1.1,8.5,3.2,100,10.3,26.7,3,15.3,2.8,14.7,6.6,9.8,3.8,10.3,40,38,38,42,42,35,48,49,49,50,46,52,51,51,50,54,50,50,No,No,No,No,No,No,No,No,No,No,No,No,No,No,No,No,No,No,56,56,51,0.732,6.445,6.201,1.971,0.251,9.69,1.521,0.424,0.749,51,15,51,51,450,0.3,0,0,0,0,0,427,2,71.7,3.5,9.1,1,5.1,0.9,4.9,2.1,3.4,1.3,88.5,83.2,90,88.3,92.7,1954.7,21.33,36,39,39,90,129,598,1,2,Yes,No,No,No,No,No,No,No,No,No,Yes,No,No,No,No,No,No,No,No,No,No,No,No,No,No,No,No,No,No,No,No,No,No,No,No,No,No,41,93,100,No,No,31106,72428,0,0,0,0,0.144,140441,60653,15.122,25.2,74.6,36.3,3.6,3.5,275.62,0.62,615,55,0.059,0,-7.89,191.6
9.7.2024,11:56.9,49.9,4926,2988,62.2,0.975,0.96,0.955,0.957,1.027,0.873,0.751,3573.4,3481.7,3481.7,3481.7,3848.2,91.6,3206.9,146.6,309,68.3,187.2,68.9,206.7,116,191,25.9,146.6,3.5,7.7,1.6,4.4,1.5,4.9,2.7,4.5,0.5,7.7,3.5,100,11.2,23.1,5.8,14.7,5.6,15.5,8.7,14,1.9,11.2,39,38,38,38,42,35,48,48,49,50,45,52,52,51,50,55,51,50,No,No,No,No,No,No,No,No,No,No,No,No,No,No,No,No,No,No,59,59,49,0.732,5.859,6.431,2.097,0.187,9.744,1.535,0.424,0.864,51,15,51,51,450,0.3,0,0,0,0,0,427,2,71.4,3.8,7.9,1.8,4.9,1.7,5.2,3,4.8,0.7,88.2,84.9,88,87.7,92.2,1954.7,21.33,36,39,39,90,129,598,1,2,Yes,No,No,No,No,No,No,No,No,No,Yes,No,No,No,No,No,No,No,No,No,No,No,No,No,No,No,No,No,No,No,No,No,No,No,No,No,No,41,93,100,No,No,31106,72428,0,0.2,0.2,0,0.386,140441,60653,15.14,25.2,74.6,36.3,3.4,3.5,291.03,0.62,615,55,0,0,-8.49,178.1
9.7.2024,11:58.9,49.9,4926,2987,62.2,0.994,0.96,0.955,1.032,1.027,0.888,0.753,3665,3481.7,3481.7,3848.2,3848.2,91.6,3298.5,181.3,302.9,188.7,356,48.4,310.3,73.3,103.8,66.8,181.3,5.1,8.3,5.2,9.3,1.9,8.2,2.4,3.2,2.3,9.3,5.1,100,13.7,22.6,14.5,26.3,4,22.8,6.3,7.9,4.9,13.7,40,38,38,42,42,36,50,51,50,50,47,50,49,50,50,53,51,51,No,No,No,No,No,No,No,No,No,No,No,No,No,No,No,No,No,No,57,57,50,0.732,5.274,6.655,2.416,0.173,10.546,1.559,0.46,0.881,51,15,51,51,450,0.5,0,0,0,0,0,427,2,64.3,4.6,7.8,4.7,8.8,1.3,7.7,2.1,2.7,1.7,86.4,82.2,85.4,85.2,92.9,1954.7,21.33,36,39,39,90,129,598,1,2,Yes,No,No,No,No,No,No,No,No,No,Yes,No,No,No,No,No,No,No,No,No,No,No,No,No,No,No,No,No,No,No,No,No,No,No,No,No,No,41,93,100,No,No,31106,72428,0,0.1,0.1,0,0.276,140441,60654,15.099,25.2,74.6,36.3,3.5,3.5,287.98,0.61,615,55,0.029,0,-11.37,133
9.7.2024,12:00.9,49.9,4926,2987,62.2,0.957,0.96,0.955,0.957,0.955,0.873,0.751,3481.7,3481.7,3481.7,3481.7,3481.7,91.6,3206.9,151.2,401.2,40.2,252.8,65.6,177.1,73,115.9,83.7,151.2,3.5,9.8,0.7,5.9,1.4,4.1,1.5,2.6,1.8,9.8,3.5,100,11.5,30.3,3.4,18.7,5.2,12.9,5.7,9.3,6.1,11.5,38,38,38,38,38,35,48,48,50,49,46,52,52,50,51,54,51,50,No,No,No,No,No,No,No,No,No,No,No,No,No,No,No,No,No,No,58,58,50,0.732,6.152,6.376,1.966,0.193,9.975,1.535,0.425,0.889,51,15,51,51,450,0.4,0,0,0,0,0,427,2,68.7,3.9,10.3,1.1,6.3,1.7,4.4,1.9,3.1,2.1,87.8,82.6,88,90.4,90.3,1954.7,21.33,36,39,39,90,129,598,1,2,Yes,No,No,No,No,No,No,No,No,No,Yes,No,No,No,No,No,No,No,No,No,No,No,No,No,No,No,No,No,No,No,No,No,No,No,No,No,No,41,93,100,No,No,31106,72428,0,0.1,0.1,0,0.354,140441,60655,15.101,25.185,74.6,36.3,3.6,3.6,278.89,0.61,615,55,0,0,-8.025,188.3
9.7.2024,12:02.9,49.9,4926,2988,62.2,0.992,0.96,0.955,1.025,1.027,0.873,0.751,3665,3481.7,3481.7,3848.2,3848.2,91.6,3206.9,142,371.6,44.5,281.2,36.1,144.5,90.1,104.8,63.2,142,3.3,9.1,0.9,6.7,0.7,3.3,2,2.4,1.4,9.1,3.3,100,10.8,28.3,3.8,20.7,2.8,10.8,7.3,8.1,4.6,10.8,40,38,38,42,42,35,49,51,50,50,46,51,49,50,50,54,51,51,No,No,No,No,No,No,No,No,No,No,No,No,No,No,No,No,No,No,58,58,50,0.732,6.152,6.562,2.174,0.214,9.856,1.537,0.42,0.919,51,15,51,51,450,0.3,0,0,0,0,0,427,2,69.6,3.6,9.6,1.2,6.9,0.9,3.6,2.3,2.7,1.6,88.4,82.8,88.8,89.6,92.3,1954.7,21.33,36,39,39,90,129,598,1,2,Yes,No,No,No,No,No,No,No,No,No,Yes,No,No,No,No,No,No,No,No,No,No,No,No,No,No,No,No,No,No,No,No,No,No,No,No,No,No,41,93,100,No,No,31106,72428,0,0.1,0.1,0,0.22,140441,60655,14.912,25.185,74.6,36.3,3.6,3.6,279.91,0.61,615,55,0.088,0,-9.015,167.6
9.7.2024,12:04.9,49.9,4925,2989,62.2,0.957,0.96,0.955,0.957,0.955,0.871,0.751,3481.7,3481.7,3481.7,3481.7,3481.7,91.6,3206.9,141.7,350.4,36.6,292.2,50.6,119.8,96.1,155.9,32,141.7,3.3,8.6,0.8,7,1.1,2.8,2.2,3.7,0.6,8.6,3.3,100,10.8,26.9,3,21.8,3.9,8.8,7.8,11.6,2.4,10.8,38,38,38,38,38,35,48,49,49,50,46,52,51,51,50,54,51,50,No,No,No,No,No,No,No,No,No,No,No,No,No,No,No,No,No,No,58,58,51,0.732,8.203,6.267,1.991,0.223,9.827,1.54,0.421,0.876,51,15,51,51,450,0.4,0,0,0,0,0,427,2,69.7,3.6,9.1,1,7.3,1.3,3,2.4,4,0.8,88.3,83.1,87.3,90.2,92.5,1954.7,21.33,36,39,39,90,129,598,1,2,Yes,No,No,No,No,No,No,No,No,No,Yes,No,No,No,No,No,No,No,No,No,No,No,No,No,No,No,No,No,No,No,No,No,No,No,No,No,No,41,93,100,No,No,31106,72428,0,0.2,0.2,0,0.42,140441,60656,15.068,25.185,74.6,36.3,3.5,3.4,282.31,0.61,615,55,0.024,0,-11.79,128.2
9.7.2024,12:06.9,49.9,4925,2988,62.2,1.012,0.96,1.027,1.032,1.027,0.888,0.751,3756.6,3481.7,3848.2,3848.2,3848.2,91.6,3206.9,142.8,392.9,37.4,279,55.5,152.6,71.1,128.8,25.1,142.8,3.3,9.7,0.8,6.7,1.2,3.6,1.6,2.3,0.5,9.7,3.3,100,10.8,29.7,3.2,20.7,4.3,11.3,5.6,9.9,1.9,10.8,41,38,42,42,42,35,50,49,50,52,48,50,51,50,48,52,51,52,No,No,No,No,No,No,No,No,No,No,No,No,No,No,No,No,No,No,58,58,51,0.732,6.445,5.977,1.729,0.236,9.863,1.552,0.423,0.888,51,15,51,51,450,0.4,0,0,0,0,0,427,2,69.3,3.6,10.1,1,7,1.4,3.8,1.8,3.3,0.7,88.4,82.8,87.6,90.3,92.8,1954.7,21.33,36,39,39,90,129,598,1,2,Yes,No,No,No,No,No,No,No,No,No,Yes,No,No,No,No,No,No,No,No,No,No,No,No,No,No,No,No,No,No,No,No,No,No,No,No,No,No,41,93,100,No,No,31106,72428,0,0.1,0.1,0,0.306,140441,60656,15.131,25.17,74.5,36.3,3.5,3.5,289.22,0.61,615,55,0,0,-9.015,167.5
9.7.2024,12:08.9,49.9,4925,2989,62.2,0.975,0.96,0.955,0.957,1.027,0.873,0.753,3573.4,3481.7,3481.7,3481.7,3848.2,91.6,3206.9,146.2,355.8,35.1,305.8,37.1,181.7,84.7,141.9,27.5,146.2,4.3,9.5,1.5,8,1.5,5,2.6,4.8,1.3,9.5,4.3,100,11.1,26.9,2.9,22.8,2.9,13.4,6.8,10.8,2.1,11.1,39,38,38,38,42,35,50,49,51,50,48,50,51,49,50,52,52,51,No,No,No,No,No,No,No,No,No,No,No,No,No,No,No,No,No,No,59,59,52,0.732,6.152,6.104,1.785,0.192,9.909,1.55,0.421,0.87,51,15,51,51,450,0.3,0,0,0,0,0,427,2,68.8,3.7,9.2,1,7.7,0.9,4.5,2.1,3.6,0.7,88,84.1,86.7,88.8,92.6,1954.7,21.33,36,39,39,90,129,598,1,2,Yes,No,No,No,No,No,No,No,No,No,Yes,No,No,No,No,No,No,No,No,No,No,No,No,No,No,No,No,No,No,No,No,No,No,No,No,No,No,42,93,100,No,No,31106,72428,0,0.1,0.1,0,0.316,140441,60657,15.093,25.17,74.5,36.3,3.6,3.6,280.42,0.6,615,55,0.087,0.034,-10.605,142.4
9.7.2024,12:10.9,49.9,4925,2988,62.2,1.012,0.96,1.027,1.032,1.027,0.888,0.751,3756.6,3481.7,3848.2,3848.2,3848.2,91.6,3298.5,152.1,400.7,33.8,301,29.3,155.1,89.6,162.5,44.8,152.1,3.4,9.9,0.8,7.3,0,3.7,1.3,3.9,0.3,9.9,3.4,100,11.6,30.2,2.9,22.8,2.3,11.5,6.9,12.3,3.4,11.6,41,38,42,42,42,36,50,51,51,52,48,50,49,49,48,52,52,52,No,No,No,No,No,No,No,No,No,No,No,No,No,No,No,No,No,No,59,59,51,0.732,5.274,6.448,2.134,0.214,9.993,1.55,0.426,0.827,51,15,51,51,450,0.4,0,0,0,0,0,427,2,67.7,3.9,10.2,0.9,7.6,0.7,3.9,2.3,4.1,1.1,87.6,82.8,86.1,90,91.5,1954.7,21.33,36,39,39,90,129,598,1,2,Yes,No,No,No,No,No,No,No,No,No,Yes,No,No,No,No,No,No,No,No,No,No,No,No,No,No,No,No,No,No,No,No,No,No,No,No,No,No,41,93,100,No,No,31106,72428,0,0.1,0.1,0,0.287,140441,60658,15.118,25.17,74.5,36.3,3.5,3.6,285.46,0.59,615,55,0,0,-7.95,189.9
9.7.2024,12:12.9,49.8,4924,2989,62.2,1.012,0.96,1.027,1.032,1.027,0.871,0.751,3756.6,3481.7,3848.2,3848.2,3848.2,91.6,3206.9,143.3,352.6,30.3,324.1,30.7,128.3,75.8,150.9,53.5,143.3,3.6,8.6,0.6,7.8,1.4,3,2.5,3.5,1.9,8.6,3.6,100,10.9,26.9,2.5,23.9,2.4,9.4,6.1,11.4,4.6,10.9,41,38,42,42,42,35,50,51,52,51,47,50,49,48,49,53,52,52,No,No,No,No,No,No,No,No,No,No,No,No,No,No,No,No,No,No,59,59,52,0.73,6.152,6.058,1.849,0.233,9.836,1.556,0.445,0.791,51,15,51,51,450,0.7,0,0,0,0,0,427,2,68.8,3.7,9.1,0.8,8,0.8,3.2,2,3.8,1.5,88,83.7,87.4,90.8,90,1954.7,21.33,36,39,39,90,129,598,1,2,Yes,No,No,No,No,No,No,No,No,No,Yes,No,No,No,No,No,No,No,No,No,No,No,No,No,No,No,No,No,No,No,No,No,No,No,No,No,No,41,93,100,No,No,31106,72428,0,0.3,0.3,0,0.387,140441,60658,15.068,25.155,74.5,36.3,3.5,3.4,283.35,0.59,615,55,0.088,0,-8.595,175.6
9.7.2024,12:14.9,49.8,4928,2986,62.2,1.012,0.96,1.027,1.032,1.027,0.888,0.751,3756.6,3481.7,3848.2,3848.2,3848.2,91.6,3298.5,162,363.5,61,348.5,57,131.7,138.8,133.3,62,162,3.6,9,0.7,8.5,0.5,3.1,2.5,3.2,1.5,9,3.6,100,12.2,27.3,4.9,25.5,4.3,10,10.6,10.6,4.6,12.2,41,38,42,42,42,36,50,51,51,51,46,50,49,49,49,54,52,51,No,No,No,No,No,No,No,No,No,No,No,No,No,No,No,No,No,No,57,57,53,0.73,5.859,6.334,2.08,0.197,9.957,1.562,0.451,0.813,51,15,51,51,450,0.6,0,0,0,0,0,427,2,68.7,4.2,9.3,1.6,8.7,1.5,3.4,3.5,3.6,1.6,87.6,83.9,86.9,89.2,90.5,1954.7,21.33,36,39,39,90,129,598,1,2,Yes,No,No,No,No,No,No,No,No,No,Yes,No,No,No,No,No,No,No,No,No,No,No,No,No,No,No,No,No,No,No,No,No,No,No,No,No,No,41,93,100,No,No,31106,72428,0,0.1,0.1,0,0.288,140441,60659,14.816,25.155,74.5,36.3,3.5,3.5,289.01,0.67,615,55,0,0,-9.81,153.8
9.7.2024,12:16.9,49.8,4928,2986,62.2,1.012,0.96,1.027,1.032,1.027,0.888,0.751,3756.6,3481.7,3848.2,3848.2,3848.2,91.6,3298.5,142.7,382,28.5,284.5,42.1,177.8,72.4,124.9,29.4,142.7,3.5,9.4,1.4,6.8,1.7,4.2,1.6,2.9,0,9.4,3.5,100,10.9,28.9,2.4,20.9,3.4,13.3,5.9,9.8,2.2,10.9,41,38,42,42,42,36,50,49,51,51,48,50,51,49,49,52,52,51,No,No,No,No,No,No,No,No,No,No,No,No,No,No,No,No,No,No,59,59,51,0.73,5.274,6.328,2.005,0.212,9.884,1.549,0.422,0.885,51,15,51,51,450,0.4,0,0,0,0,0,427,2,69.5,3.6,9.8,0.8,7.1,1.1,4.5,1.9,3.3,0.8,88.2,83.6,88.2,89.1,91.9,1954.7,21.33,36,39,39,90,129,598,1,2,Yes,No,No,No,No,No,No,No,No,No,Yes,No,No,No,No,No,No,No,No,No,No,No,No,No,No,No,No,No,No,No,No,No,No,No,No,No,No,41,93,100,No,No,31106,72428,0,0.1,0.1,0,0.214,140441,60659,15.067,25.155,74.5,36.3,3.5,3.6,281.96,0.74,615,55,0,0,-7.98,189.1
9.7.2024,12:18.9,49.9,4928,2986,62.2,1.012,0.96,1.027,1.032,1.027,0.871,0.751,3756.6,3481.7,3848.2,3848.2,3848.2,91.6,3206.9,151.5,350.1,40.4,309.3,71.1,255.5,46.6,125.1,14,151.5,4.4,9.3,1.6,8.1,1.5,6.8,2.5,3.6,1.7,9.3,4.4,100,11.5,26.5,3.6,23,6,19,3.6,9.5,1.1,11.5,41,38,42,42,42,35,50,51,50,51,48,50,49,50,49,52,52,51,No,No,No,No,No,No,No,No,No,No,No,No,No,No,No,No,No,No,56,56,52,0.73,5.274,6.555,2.136,0.217,10.177,1.562,0.428,0.958,51,15,51,51,450,0.3,0,0,0,0,0,427,2,68.3,3.8,9,1.1,7.7,1.9,6.4,1.2,3.2,0.4,87.7,84.1,85.3,88.2,93.4,1954.7,21.33,36,39,39,90,129,598,1,2,Yes,No,No,No,No,No,No,No,No,No,Yes,No,No,No,No,No,No,No,No,No,No,No,No,No,No,No,No,No,No,No,No,No,No,No,No,No,No,41,93,100,No,No,31106,72428,0,0.1,0.1,0,0.354,140441,60660,15.098,25.14,74.4,36.3,3.6,3.7,278.27,0.72,615,55,0.07,0.067,-13.08,115.3
9.7.2024,12:20.9,49.9,4928,2986,62.2,1.012,0.96,1.027,1.032,1.027,0.888,0.751,3756.6,3481.7,3848.2,3848.2,3848.2,91.6,3298.5,143.1,369.3,39.9,271.2,39.1,229.7,46.8,130.3,19,143.1,3.5,9.1,0.9,6.5,1.6,5.5,1,3.1,0.4,9.1,3.5,100,10.9,28.3,3.4,20.1,3.1,16.9,3.6,10.1,1.5,10.9,41,38,42,42,42,36,50,51,50,51,48,50,49,50,49,52,54,51,No,No,No,No,No,No,No,No,No,No,No,No,No,No,No,No,No,No,59,59,53,0.73,8.789,6.321,2.062,0.203,9.762,1.555,0.421,0.798,51,15,51,51,450,0.4,0,0,0,0,0,427,2,69.8,3.6,9.6,1,6.7,1,5.7,1.2,3.4,0.5,88.2,82.6,88.5,89.7,92.2,1954.7,21.33,36,39,39,90,129,598,1,2,Yes,No,No,No,No,No,No,No,No,No,Yes,No,No,No,No,No,No,No,No,No,No,No,No,No,No,No,No,No,No,No,No,No,No,No,No,No,No,41,93,100,No,No,31106,72428,0,0.2,0.2,0,0.21,140441,60660,15.114,25.14,74.4,36.3,3.5,3.6,283.77,0.7,615,55,2.741,0,-8.25,182.8
9.7.2024,12:22.9,49.8,4926,2988,62.2,1.012,1.035,1.027,1.032,0.955,0.888,0.748,3756.6,3848.2,3848.2,3848.2,3481.7,91.6,3298.5,144.5,331.8,41.8,310.5,37.1,241.5,44.5,115.7,32.6,144.5,3.1,8.1,0.1,7.3,0,5.7,0.1,2.6,0.6,8.1,3.1,100,11,25.1,3.5,23.3,3,17.9,3.6,8.8,2.6,11,41,42,42,42,38,36,50,51,51,52,48,50,49,49,48,52,53,52,No,No,No,No,No,No,No,No,No,No,No,No,No,No,No,No,No,No,59,59,52,0.73,6.445,6.432,2.055,0.202,9.993,1.559,0.424,0.923,51,15,51,51,450,0.3,0,0,0,0,0,427,2,68.9,3.7,8.5,1.1,7.8,1,6,1.2,2.9,0.9,88.1,84.6,86.3,88.6,92.9,1954.7,21.33,36,39,39,90,129,598,1,2,Yes,No,No,No,No,No,No,No,No,No,Yes,No,No,No,No,No,No,No,No,No,No,No,No,No,No,No,No,No,No,No,No,No,No,No,No,No,No,41,93,100,No,No,31106,72428,0,0.1,0.1,0,0.457,140441,60661,15.068,25.125,74.4,36.3,3.5,3.6,282.61,0.68,615,55,0.117,0.055,-8.535,176.6
9.7.2024,12:24.9,49.8,4926,2988,62.2,1.031,1.035,1.027,1.032,1.027,0.888,0.748,3848.2,3848.2,3848.2,3848.2,3848.2,91.6,3298.5,151.9,340.8,36.6,251.8,68.3,222.2,84.9,116.2,94.5,151.9,3.5,8.4,0.8,6,1.5,5.3,1.9,1.9,2.1,8.4,3.5,100,11.6,25.4,3.3,18.6,5.6,16.7,6.4,8.9,7.6,11.6,42,42,42,42,42,36,51,52,51,52,48,49,48,49,48,52,53,52,No,No,No,No,No,No,No,No,No,No,No,No,No,No,No,No,No,No,58,58,54,0.73,6.445,6.023,1.786,0.192,9.98,1.559,0.427,0.809,51,15,51,51,450,0.5,0,0,0,0,0,427,2,67.8,3.9,8.7,1,6.3,1.8,5.6,2.1,3,2.5,87.5,84.9,87.6,87.8,89.8,1954.7,21.33,36,39,39,90,129,598,1,2,Yes,No,No,No,No,No,No,No,No,No,Yes,No,No,No,No,No,No,No,No,No,No,No,No,No,No,No,No,No,No,No,No,No,No,No,No,No,No,41,93,100,No,No,31106,72428,0,0.1,0.1,0,0.212,140441,60662,15.086,25.125,74.4,36.3,3.6,3.6,280.57,0.67,615,55,2.8,0,-9.315,161.8
9.7.2024,12:26.9,49.8,4926,2988,62.2,1.012,0.96,1.03,1.032,1.027,0.888,0.748,3756.6,3481.7,3848.2,3848.2,3848.2,91.6,3298.5,152.3,359.2,52,236.3,102.1,193.9,69.5,145.1,60.7,152.3,4,8.9,2,5.7,3.2,4.7,2.4,4.2,1.4,8.9,4,100,11.6,27.3,4.2,17.7,7.8,14.5,5.3,10.9,4.6,11.6,41,38,42,42,42,36,51,51,53,52,49,49,49,47,48,51,53,53,No,No,No,No,No,No,No,No,No,No,No,No,No,No,No,No,No,No,60,60,54,0.73,9.082,6.529,2.029,0.218,10.307,1.578,0.429,1.026,51,15,51,51,450,0.4,0,0,0,0,0,427,2,67.7,3.9,9.3,1.4,5.9,2.6,4.9,1.8,3.7,1.5,87.3,82.7,87,88.5,91.2,1954.7,21.33,36,39,39,90,129,598,1,2,Yes,No,No,No,No,No,No,No,No,No,Yes,No,No,No,No,No,No,No,No,No,No,No,No,No,No,No,No,No,No,No,No,No,No,No,No,No,No,41,93,100,No,No,31106,72428,0,0.2,0.3,0.016,0.504,140441,60663,15.139,25.125,74.4,36.3,3.7,3.7,272.53,0.65,615,55,0,0,-11.535,130.7
9.7.2024,12:28.9,49.8,4905,3009,61.9,1.011,0.955,1.027,1.032,1.027,0.888,0.748,3756.6,3481.7,3848.2,3848.2,3848.2,91.6,3298.5,178.3,497.7,40.8,304.4,66.2,253.7,58.8,135,69.9,178.3,4,12.3,0.9,7.3,0.8,6.1,0.5,3.2,0.8,12.3,4,100,13.4,37.6,3.4,22.3,5.3,18.5,4.5,10.7,5.1,13.4,41,38,42,42,42,36,50,51,52,51,48,50,49,48,49,52,52,52,No,No,No,No,No,No,No,No,No,No,No,No,No,No,No,No,No,No,60,60,53,0.73,5.274,6.817,2.382,0.186,10.659,1.587,0.45,0.965,51,15,51,51,450,0.3,0,0,0,0,0,427,2,66.4,4.5,12.7,1.1,7.5,1.7,6.3,1.5,3.5,1.7,86.5,79.8,86.9,89,90.2,1954.7,21.33,36,39,39,90,129,598,1,2,Yes,No,No,No,No,No,No,No,No,No,Yes,No,No,No,No,No,No,No,No,No,No,No,No,No,No,No,No,No,No,No,No,No,No,No,No,No,No,41,93,100,No,No,31106,72428,0,0.1,0.1,0.059,0.313,140441,60663,14.986,25.11,74.3,36.3,3.7,3.8,269.98,0.63,615,55,0.029,0,-10.44,144.3
9.7.2024,12:30.9,49.8,4906,3008,61.9,0.994,0.96,0.955,1.032,1.027,0.871,0.748,3665,3481.7,3481.7,3848.2,3848.2,91.6,3206.9,146.1,369.9,30.4,283,52,232.6,36.9,129.9,33.9,146.1,4.4,9.7,1.3,7.4,2.6,6.2,2.2,3.7,2.2,9.7,4.4,100,11.1,27.9,2.7,21.2,4.2,17.4,2.9,9.8,2.5,11.1,40,38,38,42,42,35,52,53,53,52,49,48,47,47,48,51,54,53,No,No,No,No,No,No,No,No,No,No,No,No,No,No,No,No,No,No,58,58,53,0.735,6.152,6.262,1.922,0.226,10.036,1.582,0.444,0.885,51,15,51,51,500,0.6,0,0,0,0,0,427,2,68,3.7,9.5,0.8,7.1,1.3,5.9,0.9,3.3,0.9,87.9,83.8,86.6,88.8,92.4,1954.7,21.33,36,39,39,90,129,598,1,2,Yes,No,No,No,No,No,No,No,No,No,Yes,No,No,No,No,No,No,No,No,No,No,No,No,No,No,No,No,No,No,No,No,No,No,No,No,No,No,41,93,100,No,No,31106,72428,0,0.1,0.1,0,0.308,140441,60664,15.131,25.11,74.3,36.3,3.6,3.7,276.29,0.62,615,55,0,0,-8.055,187
9.7.2024,12:32.9,49.8,4905,3009,61.9,1.031,1.035,1.027,1.032,1.027,0.888,0.748,3848.2,3848.2,3848.2,3848.2,3848.2,91.6,3298.5,142.9,357.1,31.3,255.2,61.4,217.7,52.2,141.2,27.2,142.9,3.2,8.7,0.5,6,0.5,5.1,1,3.2,0.4,8.7,3.2,100,10.9,27.2,2.7,19.2,4.9,16.1,4,10.6,2.1,10.9,42,42,42,42,42,36,51,51,51,52,49,49,49,49,48,51,54,52,No,No,No,No,No,No,No,No,No,No,No,No,No,No,No,No,No,No,59,59,54,0.73,9.375,6.543,2.061,0.204,9.997,1.582,0.428,0.911,51,15,51,51,450,0.6,0,0,0,0,0,427,2,68.9,3.6,9.2,0.8,6.4,1.6,5.4,1.3,3.6,0.7,88.3,84,87.1,89.3,92.8,1954.7,21.33,36,39,39,90,129,598,1,2,Yes,No,No,No,No,No,No,No,No,No,Yes,No,No,No,No,No,No,No,No,No,No,No,No,No,No,No,No,No,No,No,No,No,No,No,No,No,No,41,93,100,No,No,31106,72428,0,0.1,0.1,0,0.296,140441,60664,15.092,25.11,74.3,36.3,3.7,3.6,270.24,0.64,615,55,0.029,0,-10.11,149
9.7.2024,12:34.9,49.8,4905,3009,61.9,0.975,0.96,0.955,0.957,1.027,0.888,0.748,3573.4,3481.7,3481.7,3481.7,3848.2,91.6,3298.5,142.8,366.4,31.3,236.5,63.9,217.3,44.1,119.1,63.5,142.8,3.4,8.9,0.6,5.5,2.1,5.1,0.8,2.6,1.3,8.9,3.4,100,10.8,27.6,2.8,17.6,5.2,16.1,3.4,9.2,4.7,10.8,39,38,38,38,42,36,51,51,51,52,50,49,49,49,48,50,54,52,No,No,No,No,No,No,No,No,No,No,No,No,No,No,No,No,No,No,60,60,53,0.73,6.152,6.188,1.808,0.224,9.94,1.58,0.426,0.9,51,15,51,51,450,0.6,0,0,0,0,0,427,2,69.3,3.6,9.4,0.9,5.9,1.7,5.4,1.1,3.1,1.6,88.2,84.1,87.8,89.6,91.2,1954.7,21.33,36,39,39,90,129,598,1,2,Yes,No,No,No,No,No,No,No,No,No,Yes,No,No,No,No,No,No,No,No,No,No,No,No,No,No,No,No,No,No,No,No,No,No,No,No,No,No,41,93,100,No,No,31106,72428,0,0.2,0.2,0,0.353,140441,60665,15.134,25.095,74.3,36.3,3.7,3.7,273.37,0.71,615,55,0.059,0,-8.64,174.3
9.7.2024,12:37.0,50.1,4942,2972,62.4,0.955,0.96,0.952,0.957,0.95,0.868,0.746,3481.7,3481.7,3481.7,3481.7,3481.7,91.6,3206.9,407.5,677.8,205.9,525.3,324.6,576.4,185.9,549.8,214.2,407.5,10.8,17.9,5.2,14,8.7,14.4,5.4,14.7,6.1,17.9,10.8,100,30.1,50.4,15.6,38.7,23.6,41.5,14.2,40.5,16,30.1,38,38,38,38,38,35,70,71,67,74,66,30,29,33,26,34,71,74,No,No,No,No,No,No,No,No,No,No,No,No,No,No,No,No,No,No,72,72,56,0.732,6.152,9.078,4.644,0.188,13.418,1.648,0.521,0.954,51,15,51,51,500,0.4,0,0,0,0,0,427,2,57.5,10.6,17.6,5.4,13.6,8.6,15,4.9,14.4,5.7,74.5,70.8,74.5,77.1,75.8,1954.7,21.33,36,39,39,90,129,598,1,2,Yes,No,No,No,No,No,No,No,No,No,Yes,No,No,No,No,No,No,No,No,No,No,No,No,No,No,No,No,No,No,No,No,No,No,No,No,No,No,43,93,100,No,No,31106,72428,0.7,0.1,0.8,0.335,0.557,140442,60666,15.088,25.095,74.3,36.3,3.8,3.8,264.63,0.73,615,55,0.258,0.362,-8.025,187.6
9.7.2024,12:38.9,50,4948,2966,62.5,1.011,0.96,1.03,1.027,1.027,0.871,0.748,3756.6,3481.7,3848.2,3848.2,3848.2,91.6,3206.9,196.7,436.5,41.2,245.5,191.6,298.7,90.7,184.4,85.1,196.7,5.1,11,1.8,6,5.2,7.7,2.2,4.6,2.2,11,5.1,100,15.1,32.8,3.4,18.4,15.3,23.1,6.9,14.5,6.6,15.1,41,38,42,42,42,35,59,57,54,74,52,41,43,46,26,48,74,74,No,No,No,No,No,No,No,No,No,No,No,No,No,No,No,No,No,No,74,74,55,0.727,11.133,7.728,3.085,0.197,11.425,1.637,0.461,1.165,51,15,51,51,450,0.3,0,0,0,0,0,427,2,63.7,5.1,11.3,1.1,6.2,5,7.6,2.3,4.9,2.2,82.7,78.9,83.5,83.3,85.1,1954.7,21.33,36,39,39,90,129,598,1,2,Yes,No,No,No,No,No,No,No,No,No,Yes,No,No,No,No,No,No,No,No,No,No,No,No,No,No,No,No,No,No,No,No,No,No,No,No,No,No,43,93,100,No,No,31106,72428,3.2,0.2,3.4,4.113,0.652,140449,60667,15.076,25.08,74.2,36.3,3.9,3.9,258.79,0.71,615,55,16.172,0.855,-8.94,168.3
9.7.2024,12:40.9,50,4946,2967,62.5,1.012,0.96,1.03,1.032,1.027,0.888,0.746,3756.6,3481.7,3848.2,3848.2,3848.2,91.6,3298.5,190.7,433.4,86.8,261.9,120.4,220.8,134.4,151.6,116.3,190.7,4.6,10.8,2.1,6.4,3,6.1,2.5,3.7,2.1,10.8,4.6,100,14.5,33,7,19.3,9.6,16.5,10.1,11.6,8.7,14.5,41,38,42,42,42,36,52,53,54,52,51,48,47,46,48,49,55,54,No,No,No,No,No,No,No,No,No,No,No,No,No,No,No,No,No,No,62,62,54,0.727,6.445,6.849,2.479,0.229,10.503,1.602,0.436,0.875,51,15,51,51,450,0.4,0,0,0,0,0,427,2,67.4,4.9,11.3,2.3,6.6,3.2,5.6,3.4,4,3,86.8,80.7,87.4,88.3,90.7,1954.7,21.33,36,39,39,90,129,598,1,2,Yes,No,No,No,No,No,No,No,No,No,Yes,No,No,No,No,No,No,No,No,No,No,No,No,No,No,No,No,No,No,No,No,No,No,No,No,No,No,43,93,100,No,No,31106,72428,0,0.1,0.1,0,0.297,140449,60668,15.081,25.08,74.2,36.3,3.9,3.9,257.49,0.68,615,55,0,0,-8.775,171.5
9.7.2024,12:42.9,50,4946,2968,62.4,1.031,1.035,1.03,1.032,1.027,0.888,0.748,3848.2,3848.2,3848.2,3848.2,3848.2,91.6,3298.5,145.3,358.8,33.1,131.1,70.9,254,44,245.1,25.4,145.3,3.7,8.9,0.8,3.1,1.7,6.1,1.8,5.9,1.3,8.9,3.7,100,11,27.3,2.7,9.9,5.9,19,3.4,18.1,2,11,42,42,42,42,42,36,54,55,54,54,51,46,45,46,46,49,55,55,No,No,No,No,No,No,No,No,No,No,No,No,No,No,No,No,No,No,62,62,54,0.73,6.445,6.32,2.058,0.229,9.949,1.591,0.426,0.834,51,15,51,51,450,0.4,0,0,0,0,0,427,2,68.2,3.7,9.2,0.9,3.3,1.9,6.4,1.1,6.1,0.7,87.6,83.4,90.3,87.2,89.4,1954.7,21.33,36,39,39,90,129,598,1,2,Yes,No,No,No,No,No,No,No,No,No,Yes,No,No,No,No,No,No,No,No,No,No,No,No,No,No,No,No,No,No,No,No,No,No,No,No,No,No,43,93,100,No,No,31106,72428,0,0.3,0.3,0.008,0.649,140449,60669,15.034,25.08,74.2,36.3,3.9,3.9,258.98,0.66,615,55,0.088,0,-8.475,177.6
9.7.2024,12:45.0,50,4946,2968,62.5,1.013,0.96,1.03,1.032,1.03,0.888,0.748,3756.6,3481.7,3848.2,3848.2,3848.2,91.6,3298.5,133.7,330.1,50.9,172.3,61.1,235.2,63.3,140.3,16.5,133.7,3,8,1.1,3.2,1.3,5.6,1.3,3.2,0.2,8,3,100,10.2,25.2,4.3,13.4,4.7,17.4,4.9,10.3,1.3,10.2,41,38,42,42,42,36,56,54,62,55,55,44,46,38,45,45,62,62,No,No,No,No,No,No,No,No,No,No,No,No,No,No,No,No,No,No,67,67,54,0.727,9.961,5.884,1.73,0.188,9.563,1.59,0.421,0.733,51,15,51,51,450,0.3,0,0,0,0,0,427,2,70.7,3.4,8.5,1.3,4.4,1.5,5.8,1.6,3.5,0.4,88.8,84.2,89.1,88.5,93.4,1954.7,21.33,36,39,39,90,129,598,1,2,Yes,No,No,No,No,No,No,No,No,No,Yes,No,No,No,No,No,No,No,No,No,No,No,No,No,No,No,No,No,No,No,No,No,No,No,No,No,No,42,93,100,No,No,31106,72428,0,0,0,0,0.146,140449,60669,15.068,25.065,74.2,36.3,3.9,3.9,258.49,0.64,615,55,0,0,-8.85,169.9
9.7.2024,12:47.0,50,4946,2968,62.4,1.012,0.96,1.03,1.032,1.027,0.888,0.748,3756.6,3481.7,3848.2,3848.2,3848.2,91.6,3298.5,135.5,440,47.4,100.2,76.7,239,59.8,105,15.5,135.5,3.3,10.8,1,3.1,1.7,5.7,1.3,2.5,0.2,10.8,3.3,100,10.3,33,3.9,7.6,6.5,17.6,4.6,8.2,1.2,10.3,41,38,42,42,42,36,51,52,53,52,48,49,48,47,48,52,54,53,No,No,No,No,No,No,No,No,No,No,No,No,No,No,No,No,No,No,61,61,53,0.727,9.082,6.073,1.834,0.222,9.6,1.591,0.424,0.756,51,15,51,51,450,0.3,0,0,0,0,0,427,2,71.5,3.5,11.2,1.3,2.5,2.1,6,1.5,2.7,0.4,88.7,81.8,90.6,88.7,93.6,1954.7,21.33,36,39,39,90,129,598,1,2,Yes,No,No,No,No,No,No,No,No,No,Yes,No,No,No,No,No,No,No,No,No,No,No,No,No,No,No,No,No,No,No,No,No,No,No,No,No,No,41,93,100,No,No,31106,72428,0,0.1,0.1,0,0.153,140449,60670,15.099,25.065,74.2,36.3,3.9,3.9,259.68,0.63,615,55,0,0,-8.43,178.4
9.7.2024,12:49.0,50,4939,2975,62.4,1.031,1.035,1.03,1.032,1.027,0.871,0.748,3848.2,3848.2,3848.2,3848.2,3848.2,91.6,3206.9,151.8,395.4,51.5,244.9,60.1,208.1,58.3,162.8,33.3,151.8,4.3,10.4,1.8,6.5,2,5.6,1.9,4.5,1.4,10.4,4.3,100,11.5,30,4.1,18.3,4.8,15.2,4.5,12.5,2.5,11.5,42,42,42,42,42,35,52,51,53,52,50,48,49,47,48,50,54,53,No,No,No,No,No,No,No,No,No,No,No,No,No,No,No,No,No,No,61,61,54,0.735,6.738,6.337,1.992,0.212,9.836,1.591,0.425,0.772,51,15,51,51,500,0.4,0,0,0,0,0,427,2,70.6,3.9,10.2,1.4,6.2,1.5,5.2,1.5,4.2,0.9,87.9,82.6,88.1,90,91.1,1954.7,21.33,36,39,39,90,129,598,1,2,Yes,No,No,No,No,No,No,No,No,No,Yes,No,No,No,No,No,No,No,No,No,No,No,No,No,No,No,No,No,No,No,No,No,No,No,No,No,No,41,93,100,No,No,31106,72428,0,0.1,0.1,0,0.396,140449,60671,15.127,25.065,74.2,36.3,3.8,3.9,262.86,0.62,615,55,0.029,0,-8.22,182.9
9.7.2024,12:51.0,49.9,4941,2973,62.4,1.031,1.035,1.03,1.032,1.027,0.888,0.748,3848.2,3848.2,3848.2,3848.2,3848.2,91.6,3298.5,155.7,343.7,57.9,272.7,53.2,297.7,47.9,111.8,60.6,155.7,3.7,8.5,1.3,6.5,1.2,7.2,1,2.6,1.4,8.5,3.7,100,11.8,26,5.3,20.4,4.4,21.8,3.7,8.6,4.4,11.8,42,42,42,42,42,36,52,53,54,53,50,48,47,46,47,50,55,54,No,No,No,No,No,No,No,No,No,No,No,No,No,No,No,No,No,No,60,60,54,0.727,5.859,6.595,2.165,0.216,10.188,1.601,0.432,0.896,51,15,51,51,450,0.4,0,0,0,0,0,427,2,67.7,3.9,8.8,1.6,6.8,1.4,7.4,1.2,2.9,1.5,87.7,83.4,87.2,87.8,92.4,1954.7,21.33,36,39,39,90,129,598,1,2,Yes,No,No,No,No,No,No,No,No,No,Yes,No,No,No,No,No,No,No,No,No,No,No,No,No,No,No,No,No,No,No,No,No,No,No,No,No,No,41,93,100,No,No,31106,72428,0,0.1,0.1,0,0.227,140449,60671,15.077,25.05,74.2,36.3,3.8,3.9,261.07,0.6,615,55,0,0,-9.36,160.6
9.7.2024,12:53.0,49.9,4941,2973,62.4,1.01,0.96,1.02,1.032,1.027,0.888,0.748,3756.6,3481.7,3848.2,3848.2,3848.2,91.6,3298.5,145.4,331,128.4,202.6,52.7,240.5,54.3,110.7,43,145.4,3.3,8.1,2.9,4.7,1.1,5.6,1.1,2.5,0.8,8.1,3.3,100,11,25.1,9.9,15.2,4.3,18,4.2,8.4,3.2,11,41,38,42,42,42,36,52,52,54,53,49,48,48,46,47,51,54,54,No,No,No,No,No,No,No,No,No,No,No,No,No,No,No,No,No,No,61,61,54,0.73,5.859,6.382,1.991,0.21,10.112,1.593,0.426,0.975,51,15,51,51,450,0.4,0,0,0,0,0,427,2,68.9,3.7,8.5,3.2,5.1,1.4,6.1,1.4,2.9,1.1,88.1,82.7,89.1,87.8,92.9,1954.7,21.33,36,39,39,90,129,598,1,2,Yes,No,No,No,No,No,No,No,No,No,Yes,No,No,No,No,No,No,No,No,No,No,No,No,No,No,No,No,No,No,No,No,No,No,No,No,No,No,41,93,100,No,No,31106,72428,0,0.3,0.3,0,0.451,140449,60672,15.113,25.05,74.2,36.3,3.9,4,255.97,0.59,615,55,0.146,0.061,-8.01,187.6
9.7.2024,12:55.0,49.9,4940,2973,62.4,1.012,0.96,1.027,1.032,1.027,0.888,0.748,3756.6,3481.7,3848.2,3848.2,3848.2,91.6,3298.5,148.4,396.6,28.6,224.7,65.4,195.5,102.1,116.4,58.3,148.4,3.5,9.7,0.5,5.3,1.4,4.6,2.3,2.7,1.2,9.7,3.5,100,11.3,30.1,2.5,16.5,5.2,14.5,8.1,9,4.4,11.3,41,38,42,42,42,36,52,53,52,52,49,48,47,48,48,51,55,53,No,No,No,No,No,No,No,No,No,No,No,No,No,No,No,No,No,No,61,61,54,0.727,6.445,6.385,2.114,0.214,10.005,1.588,0.427,0.82,51,15,51,51,450,0.4,0,0,0,0,0,427,2,68.2,3.8,10.2,0.8,5.6,1.7,4.9,2.6,3,1.5,87.9,82.8,89,87.7,92.2,1954.7,21.33,36,39,39,90,129,598,1,2,Yes,No,No,No,No,No,No,No,No,No,Yes,No,No,No,No,No,No,No,No,No,No,No,No,No,No,No,No,No,No,No,No,No,No,No,No,No,No,41,93,100,No,No,31106,72428,0,0.1,0.1,0,0.276,140449,60672,15.058,25.05,74.2,36.3,3.8,3.9,261.46,0.58,615,55,2.741,0,-8.685,173.1
9.7.2024,12:57.0,50,4941,2973,62.4,0.954,0.96,0.95,0.957,0.95,0.871,0.746,3481.7,3481.7,3481.7,3481.7,3481.7,91.6,3206.9,166.3,418.4,38.1,321.4,50.2,236.1,71.8,136.5,57.9,166.3,4.7,11,1.6,8.5,1.8,6.3,2.3,3.9,2,11,4.7,100,12.6,31.7,2.9,23.8,4.3,17.6,5.6,10.8,4.3,12.6,38,38,38,38,38,35,56,57,59,55,55,44,43,41,45,45,59,59,No,No,No,No,No,No,No,No,No,No,No,No,No,No,No,No,No,No,64,64,54,0.727,4.688,6.746,2.474,0.2,10.421,1.603,0.445,0.884,51,15,51,51,450,0.5,0,0,0,0,0,427,2,65.9,4.2,10.8,1,8,1.4,5.9,1.8,3.6,1.5,86.3,81.7,85.7,87.9,89.9,1954.7,21.33,36,39,39,90,129,598,1,2,Yes,No,No,No,No,No,No,No,No,No,Yes,No,No,No,No,No,No,No,No,No,No,No,No,No,No,No,No,No,No,No,No,No,No,No,No,No,No,41,93,100,No,No,31106,72428,0,0.1,0.1,0,0.327,140449,60673,15.103,25.035,74.1,36.3,3.9,4,254.26,0.57,615,55,2.741,0,-9,166.9
9.7.2024,12:59.0,50,4941,2973,62.4,1.012,0.96,1.03,1.032,1.027,0.888,0.748,3756.6,3481.7,3848.2,3848.2,3848.2,91.6,3298.5,154.4,388.8,36.9,334.4,60.8,183.1,67.2,132.7,31.3,154.4,3.6,9.5,0.7,8,1.3,4.3,1.4,3,0.6,9.5,3.6,100,11.7,29.7,2.8,24.7,4.5,13.4,5.1,10.4,2.6,11.7,41,38,42,42,42,36,52,53,54,53,49,48,47,46,47,51,54,54,No,No,No,No,No,No,No,No,No,No,No,No,No,No,No,No,No,No,61,61,54,0.732,6.152,6.486,2.063,0.227,10.153,1.604,0.433,0.847,51,15,51,51,500,0.4,0,0,0,0,0,427,2,66.7,3.9,10.1,1,8.3,1.5,4.5,1.7,3.4,0.8,87,81.3,85.9,90.4,90.5,1954.7,21.33,36,39,39,90,129,598,1,2,Yes,No,No,No,No,No,No,No,No,No,Yes,No,No,No,No,No,No,No,No,No,No,No,No,No,No,No,No,No,No,No,No,No,No,No,No,No,No,41,93,100,No,No,31106,72428,0,0.2,0.2,0,0.443,140449,60674,14.978,25.035,74.1,36.3,4,4.1,249.35,0.6,615,55,0.029,0,-9.825,152.9
9.7.2024,13:01.0,50,4940,2974,62.4,0.994,0.96,1.03,0.957,1.027,0.888,0.748,3665,3481.7,3848.2,3481.7,3848.2,91.6,3298.5,162.9,414.6,72.4,305.3,45.7,217.9,69.9,134.6,43.1,162.9,3.8,10.1,1.6,7.3,0.9,5.1,1.5,3.1,0.8,10.1,3.8,100,12.3,31.3,5.4,22.7,3.5,16.1,5.4,10.4,3.3,12.3,40,38,42,38,42,36,52,52,53,54,51,48,48,47,46,49,55,54,No,No,No,No,No,No,No,No,No,No,No,No,No,No,No,No,No,No,61,61,55,0.727,6.445,6.547,2.135,0.218,10.113,1.599,0.428,0.882,51,15,51,51,450,0.4,0,0,0,0,0,427,2,68.3,4.1,10.6,1.9,7.7,1.2,5.4,1.8,3.5,1.1,87.7,82.3,86.9,89.1,92.4,1954.7,21.33,36,39,39,90,129,598,1,2,Yes,No,No,No,No,No,No,No,No,No,Yes,No,No,No,No,No,No,No,No,No,No,No,No,No,No,No,No,No,No,No,No,No,No,No,No,No,No,41,93,100,No,No,31106,72428,0,0.1,0.1,0,0.356,140449,60674,15.124,25.02,74.1,36.3,3.9,4,253.64,0.61,615,55,0,0,-8.34,180
9.7.2024,13:03.0,50,4940,2973,62.4,1.011,0.96,1.03,1.025,1.027,0.871,0.748,3756.6,3481.7,3848.2,3848.2,3848.2,91.6,3206.9,140.3,448.8,33.5,180.9,51.1,186.1,87.4,104.5,30.1,140.3,3.2,11,0.6,4.2,1,4.3,1.9,2.4,0.5,11,3.2,100,10.6,33.9,2.5,13.5,3.8,13.8,6.6,8.2,2.4,10.6,41,38,42,42,42,35,52,53,53,55,49,48,47,47,45,51,54,55,No,No,No,No,No,No,No,No,No,No,No,No,No,No,No,No,No,No,60,60,55,0.73,5.859,6.466,2.047,0.223,9.91,1.598,0.422,0.894,51,15,51,51,450,0.3,0,0,0,0,0,427,2,69.7,3.6,11.5,0.9,4.5,1.3,4.7,2.2,2.7,0.8,88.6,81.6,91,89,92.7,1954.7,21.33,36,39,39,90,129,598,1,2,Yes,No,No,No,No,No,No,No,No,No,Yes,No,No,No,No,No,No,No,No,No,No,No,No,No,No,No,No,No,No,No,No,No,No,No,No,No,No,41,93,100,No,No,31106,72428,0,0.1,0.1,0,0.311,140449,60675,15.007,25.02,74.1,36.3,3.9,4,253.26,0.6,615,55,0.088,0,-9.945,150.9
9.7.2024,13:05.0,50,4940,2974,62.4,1.012,0.96,1.027,1.032,1.027,0.888,0.748,3756.6,3481.7,3848.2,3848.2,3848.2,91.6,3298.5,140,427.9,20,268.4,35.8,157.2,66.5,119.9,24.5,140,3.9,11.1,1.1,7.1,1.4,4.4,2.1,3.5,0.4,11.1,3.9,100,10.6,32.4,1.6,19.8,2.8,12.1,5.2,9.4,1.9,10.6,41,38,42,42,42,36,52,53,52,52,49,48,47,48,48,51,55,53,No,No,No,No,No,No,No,No,No,No,No,No,No,No,No,No,No,No,61,61,54,0.727,6.152,6.245,1.847,0.239,9.918,1.6,0.42,0.896,51,15,51,51,450,0.4,0,0,0,0,0,427,2,69.6,3.6,11,0.5,6.7,0.9,4,1.7,3.1,0.6,88.5,82.2,88.8,90.2,92.6,1954.7,21.33,36,39,39,90,129,598,1,2,Yes,No,No,No,No,No,No,No,No,No,Yes,No,No,No,No,No,No,No,No,No,No,No,No,No,No,No,No,No,No,No,No,No,No,No,No,No,No,41,93,100,No,No,31106,72428,0,0.1,0.1,0,0.353,140449,60676,15.046,25.02,74.1,36.3,3.9,4,256.86,0.58,615,55,0.024,0,-8.82,170.2
9.7.2024,13:07.0,50,4940,2974,62.4,1.012,0.96,1.03,1.032,1.027,0.888,0.748,3756.6,3481.7,3848.2,3848.2,3848.2,91.6,3298.5,143.5,380.2,22.9,287.1,49.4,165.3,89,130.5,23.4,143.5,3.2,9.4,0,6.9,1.1,3.8,1.2,3,0.4,9.4,3.2,100,10.9,29,1.8,21.1,3.7,12.6,6.8,10.1,1.8,10.9,41,38,42,42,42,36,52,52,54,53,50,48,48,46,47,50,54,54,No,No,No,No,No,No,No,No,No,No,No,No,No,No,No,No,No,No,61,61,54,0.727,6.152,6.265,1.968,0.197,9.862,1.594,0.42,0.819,51,15,51,51,450,0.3,0,0,0,0,0,427,2,69.1,3.7,9.8,0.6,7.1,1.3,4.2,2.2,3.4,0.6,88.3,83.6,88.1,89,92.3,1954.7,21.33,36,39,39,90,129,598,1,2,Yes,No,No,No,No,No,No,No,No,No,Yes,No,No,No,No,No,No,No,No,No,No,No,No,No,No,No,No,No,No,No,No,No,No,No,No,No,No,41,93,100,No,No,31106,72428,0,0,0,0,0.276,140449,60676,15.104,25.005,74,36.3,4,4,252.63,0.57,615,55,0,0,-8.4,178.6
9.7.2024,13:09.0,50,4939,2975,62.4,1.029,1.035,1.03,1.032,1.02,0.888,0.748,3848.2,3848.2,3848.2,3848.2,3848.2,91.6,3298.5,144.6,406.9,98,198.3,39.3,150.6,86.2,161.4,15.7,144.6,3.3,10.1,2.3,4.7,0,3.5,1.9,3.8,0.2,10.1,3.3,100,11,30.7,7.1,14.6,3.1,11.8,6.8,12.5,1.2,11,42,42,42,42,42,36,52,53,54,52,50,48,47,46,48,50,54,54,No,No,No,No,No,No,No,No,No,No,No,No,No,No,No,No,No,No,61,61,54,0.727,6.445,6.333,1.816,0.22,10.078,1.602,0.42,0.955,51,15,51,51,450,0.4,0,0,0,0,0,424,2,69.2,3.7,10.4,2.4,4.9,1,3.9,2.2,4.2,0.4,88.3,81.7,91.2,88.9,91.5,1954.7,21.33,36,39,39,90,129,598,1,2,Yes,No,No,No,No,No,No,No,No,No,Yes,No,No,No,No,No,No,No,No,No,No,No,No,No,No,No,No,No,No,No,No,No,No,No,No,No,No,41,93,100,No,No,31106,72428,0,0.2,0.2,0,0.399,140449,60677,14.878,25.005,74,36.3,3.9,4,256.32,0.56,615,55,0.088,0.034,-10.59,141.7
9.7.2024,13:11.0,50,4939,2975,62.4,1.011,0.96,1.03,1.032,1.02,0.888,0.746,3756.6,3481.7,3848.2,3848.2,3848.2,91.6,3298.5,148.8,389.6,25,202.9,38.4,97.5,97.1,300.3,39.9,148.8,3.7,9.6,0.6,4.9,1.6,2.3,2.2,7.2,1.6,9.6,3.7,100,11.2,29.7,2,15,3,7.4,7.4,22.5,3,11.2,41,38,42,42,42,36,52,53,53,52,51,48,47,47,48,49,55,53,No,No,No,No,No,No,No,No,No,No,No,No,No,No,No,No,No,No,60,60,54,0.727,6.152,6.202,1.959,0.25,10.006,1.595,0.423,0.809,51,15,51,51,450,0.3,0,0,0,0,0,424,2,67.7,3.8,10.1,0.7,5,1,2.5,2.4,7.5,1,88,82.8,90.9,91.1,87.2,1954.7,21.33,36,39,39,90,129,598,1,2,Yes,No,No,No,No,No,No,No,No,No,Yes,No,No,No,No,No,No,No,No,No,No,No,No,No,No,No,No,No,No,No,No,No,No,No,No,No,No,41,93,100,No,No,31106,72428,0,0.1,0.1,0,0.228,140449,60677,15.081,25.005,74,36.3,3.9,3.8,255.45,0.56,615,55,0,0,-7.95,188.7
9.7.2024,13:13.0,50,4939,2975,62.4,1.012,0.96,1.03,1.032,1.027,0.871,0.748,3756.6,3481.7,3848.2,3848.2,3848.2,91.6,3206.9,141.9,405.5,27.4,201.5,54,222,67.2,134,24,141.9,4,9.9,2,5.4,1.8,5.9,2.9,3.8,0.3,9.9,4,100,10.8,30.7,2.3,14.8,4.5,16.4,5.2,10.4,1.8,10.8,41,38,42,42,42,35,52,53,54,54,49,48,47,46,46,51,55,54,No,No,No,No,No,No,No,No,No,No,No,No,No,No,No,No,No,No,60,60,54,0.727,5.566,6.359,1.895,0.238,10.038,1.597,0.423,0.96,51,15,51,51,450,0.4,0,0,0,0,0,424,2,69.4,3.6,10.4,0.8,5,1.4,5.5,1.7,3.4,0.6,88.4,82.7,89.6,89,92.2,1954.7,21.33,36,39,39,90,129,598,1,2,Yes,No,No,No,No,No,No,No,No,No,Yes,No,No,No,No,No,No,No,No,No,No,No,No,No,No,No,No,No,No,No,No,No,No,No,No,No,No,42,93,100,No,No,31106,72428,0,0.1,0.1,0,0.383,140449,60678,15.121,24.99,74,36.3,3.7,3.8,269.14,0.56,615,55,0.029,0,-12.345,121.5
9.7.2024,13:15.0,50,4939,2975,62.4,1.029,1.035,1.03,1.032,1.02,0.888,0.748,3848.2,3848.2,3848.2,3848.2,3848.2,91.6,3298.5,143.9,426.9,30.5,222.2,65.9,100.3,79.9,201.1,24.6,143.9,3.2,11.2,0,5.2,1.4,2.2,0.9,4.7,0,11.2,3.2,100,11,32,2.8,16.2,5.5,8.1,6.2,15.1,1.9,11,42,42,42,42,42,36,52,53,54,52,49,48,47,46,48,51,54,54,No,No,No,No,No,No,No,No,No,No,No,No,No,No,No,No,No,No,59,59,55,0.727,4.395,6.25,1.968,0.212,9.882,1.605,0.426,0.819,51,15,51,51,450,0.5,0,0,0,0,0,424,2,69.4,3.7,10.8,0.9,5.5,1.8,2.7,2,5.1,0.6,88.3,82.9,88.8,90.5,91.1,1954.7,21.33,36,39,39,90,129,598,1,2,Yes,No,No,No,No,No,No,No,No,No,Yes,No,No,No,No,No,No,No,No,No,No,No,No,No,No,No,No,No,No,No,No,No,No,No,No,No,No,41,93,100,No,No,31106,72428,0,0.2,0.2,0,0.322,140449,60679,15.106,24.99,74,36.3,3.8,3.8,265.26,0.55,615,55,0.059,0,-8.085,185.4
9.7.2024,13:17.0,50,4939,2975,62.4,1.012,0.96,1.03,1.032,1.027,0.871,0.748,3756.6,3481.7,3848.2,3848.2,3848.2,91.6,3206.9,142.4,426.1,23,215.2,49.5,194.2,68.9,136,26,142.4,3.5,10.5,0.4,5.1,1.1,4.6,2.2,3.1,1.2,10.5,3.5,100,10.8,32.1,1.8,15.6,4,14.6,5.3,11,2.1,10.8,41,38,42,42,42,35,52,53,53,52,51,48,47,47,48,49,54,53,No,No,No,No,No,No,No,No,No,No,No,No,No,No,No,No,No,No,62,62,54,0.732,6.152,6.122,1.802,0.241,9.919,1.603,0.444,0.812,51,15,51,51,500,0.7,0,0,0,0,0,424,2,69,3.6,10.9,0.6,5.3,1.3,4.9,1.7,3.6,0.7,88.3,83,90.6,89.3,90.3,1954.7,21.33,36,39,39,90,129,598,1,2,Yes,No,No,No,No,No,No,No,No,No,Yes,No,No,No,No,No,No,No,No,No,No,No,No,No,No,No,No,No,No,No,No,No,No,No,No,No,No,41,93,100,No,No,31106,72428,0,0.2,0.2,0,0.288,140449,60679,15.119,24.975,73.9,36.3,3.9,4,255.97,0.57,615,55,0,0,-8.13,184.4
9.7.2024,13:19.0,49.9,4937,2976,62.3,1.031,1.035,1.03,1.032,1.027,0.888,0.748,3848.2,3848.2,3848.2,3848.2,3848.2,91.6,3298.5,148.2,450.6,22.4,147.1,89.2,194.4,80.5,179.9,21.9,148.2,3.6,11.1,0.4,3.4,2,4.6,1.8,4.2,1.1,11.1,3.6,100,11.2,33.8,1.7,11,7.4,14.5,6.2,13.5,1.7,11.2,42,42,42,42,42,36,53,54,54,52,51,47,46,46,48,49,56,54,No,No,No,No,No,No,No,No,No,No,No,No,No,No,No,No,No,No,61,61,54,0.727,6.152,6.409,2.039,0.217,10.01,1.6,0.425,0.859,51,15,51,51,450,0.5,0,0,0,0,0,424,2,68.4,3.8,11.5,0.6,3.7,2.4,4.9,2,4.5,0.6,88.1,82.6,89,89.2,91.8,1954.7,21.33,36,39,39,90,129,598,1,2,Yes,No,No,No,No,No,No,No,No,No,Yes,No,No,No,No,No,No,No,No,No,No,No,No,No,No,No,No,No,No,No,No,No,No,No,No,No,No,41,93,100,No,No,31106,72428,0,0,0,0,0.235,140449,60680,15.037,24.975,73.9,36.3,4,4,250.86,0.65,615,55,0.029,0,-8.94,167.6
9.7.2024,13:21.0,49.9,4937,2977,62.3,1.011,0.96,1.03,1.032,1.02,0.888,0.748,3756.6,3481.7,3848.2,3848.2,3848.2,91.6,3298.5,159.6,394.7,27.8,286.1,118,217.6,56.3,134.2,42,159.6,3.9,9.7,1.3,6.8,2.7,5.2,1.2,3.1,0.9,9.7,3.9,100,12.1,29.8,2.3,21.2,8.9,16,4.4,10.5,3.5,12.1,41,38,42,42,42,36,52,53,54,52,50,48,47,46,48,50,55,54,No,No,No,No,No,No,No,No,No,No,No,No,No,No,No,No,No,No,61,61,55,0.732,6.152,6.592,2.152,0.209,10.324,1.61,0.438,0.884,51,15,51,51,500,0.5,0,0,0,0,0,424,2,66.5,4,10.1,0.8,7.1,2.9,5.4,1.4,3.4,1.1,87.4,83.2,85.6,89.6,91.1,1954.7,21.33,36,39,39,90,129,598,1,2,Yes,No,No,No,No,No,No,No,No,No,Yes,No,No,No,No,No,No,No,No,No,No,No,No,No,No,No,No,No,No,No,No,No,No,No,No,No,No,41,93,100,No,No,31106,72428,0,0.1,0.1,0,0.46,140449,60681,15.079,24.975,73.9,36.3,4,4,250.82,0.65,615,55,0,0,-9.12,164.3
9.7.2024,13:23.0,49.9,4937,2976,62.3,1.013,0.96,1.03,1.032,1.03,0.888,0.748,3756.6,3481.7,3848.2,3848.2,3848.2,91.6,3298.5,144.5,326.1,32,307.6,41.7,127.4,148.6,122.1,50.5,144.5,4,8.7,1.4,8.1,1.6,3.7,4.2,3.2,1.1,8.7,4,100,10.8,24.7,2.8,23.1,3.2,9.5,11.1,8.2,3.8,10.8,41,38,42,42,42,36,56,53,54,53,64,44,47,46,47,36,56,64,No,No,No,No,No,No,No,No,No,No,No,No,No,No,No,No,No,No,62,62,54,0.727,8.203,6.442,1.968,0.207,9.951,1.605,0.423,0.865,51,15,51,51,450,0.4,0,0,0,0,0,424,2,69,3.7,8.4,0.9,7.8,1,3.2,3.7,3.1,1.3,88.2,85.1,86,89.3,92.4,1954.7,21.33,36,39,39,90,129,598,1,2,Yes,No,No,No,No,No,No,No,No,No,Yes,No,No,No,No,No,No,No,No,No,No,No,No,No,No,No,No,No,No,No,No,No,No,No,No,No,No,41,93,100,No,No,31106,72428,0,0.1,0.1,0,0.294,140449,60681,15.003,24.96,73.9,36.3,3.9,4,255.05,0.67,615,55,0.144,0.034,-9.27,161.6
9.7.2024,13:25.0,49.9,4938,2976,62.3,0.976,0.96,0.955,0.957,1.03,0.888,0.748,3573.4,3481.7,3481.7,3481.7,3848.2,91.6,3298.5,146.6,424.4,26.8,263.6,43.2,129.4,81.5,160.1,43.7,146.6,3.5,10.3,0.5,6.3,0.8,3,1.8,3.7,1.6,10.3,3.5,100,11.1,32.2,2.2,19.6,3.3,9.7,6.2,12.2,3.3,11.1,39,38,38,38,42,36,56,53,54,53,63,44,47,46,47,37,56,63,No,No,No,No,No,No,No,No,No,No,No,No,No,No,No,No,No,No,61,61,55,0.732,6.152,6.854,2.406,0.227,9.989,1.604,0.421,0.807,51,15,51,51,500,0.3,0,0,0,0,0,424,2,67.8,3.7,10.9,0.7,6.6,1.1,3.3,2,4.1,1.1,88,82,88.2,90.8,90.9,1954.7,21.33,36,39,39,90,129,598,1,2,Yes,No,No,No,No,No,No,No,No,No,Yes,No,No,No,No,No,No,No,No,No,No,No,No,No,No,No,No,No,No,No,No,No,No,No,No,No,No,41,93,100,No,No,31106,72428,0,0.1,0.1,0,0.209,140449,60682,14.971,24.96,73.9,36.3,3.9,4,255.05,0.65,615,55,0,0,-8.64,173.3
9.7.2024,13:27.0,49.9,4937,2977,62.3,1.013,0.96,1.03,1.032,1.03,0.888,0.746,3756.6,3481.7,3848.2,3848.2,3848.2,91.6,3298.5,153.7,394.6,25.7,229.8,46.8,222.3,90,140.4,80.1,153.7,3.7,9.8,0.6,5.5,1.1,5.3,2.1,3.4,1.8,9.8,3.7,100,11.7,29.7,2,17,3.6,16.6,6.9,11.1,6.7,11.7,41,38,42,42,42,36,56,53,54,53,64,44,47,46,47,36,55,64,No,No,No,No,No,No,No,No,No,No,No,No,No,No,No,No,No,No,61,61,55,0.732,6.445,6.832,2.278,0.218,10.395,1.615,0.43,1.026,51,15,51,51,500,0.6,0,0,0,0,0,424,2,67.7,3.9,10.1,0.7,5.7,1.2,5.6,2.2,3.6,2.1,87.5,84,89.7,88,88.6,1954.7,21.33,36,39,39,90,129,598,1,2,Yes,No,No,No,No,No,No,No,No,No,Yes,No,No,No,No,No,No,No,No,No,No,No,No,No,No,No,No,No,No,No,No,No,No,No,No,No,No,42,93,100,No,No,31106,72428,0,0.2,0.2,0,0.433,140449,60683,15.015,24.96,73.9,36.3,3.9,4,255.24,0.63,615,55,2.741,0,-11.235,150.3
9.7.2024,13:29.0,49.9,4939,2975,62.4,1.013,0.96,1.03,1.032,1.03,0.888,0.748,3756.6,3481.7,3848.2,3848.2,3848.2,91.6,3298.5,147.2,408.8,20.1,299.1,39.5,137.8,64.8,131.5,76.2,147.2,3.5,10.1,0,7.2,0.9,3.3,1.5,3.1,1.7,10.1,3.5,100,11.2,31,1.6,21.9,3,10.3,5,10.5,5.9,11.2,41,38,42,42,42,36,56,54,53,53,63,44,46,47,47,37,55,63,No,No,No,No,No,No,No,No,No,No,No,No,No,No,No,No,No,No,61,61,54,0.735,8.496,6.408,1.941,0.231,10.108,1.621,0.446,0.881,51,15,51,51,500,0.6,0,0,0,0,0,424,2,68.2,3.7,10.5,0.6,7.4,1,3.5,1.6,3.4,1.9,88,83.2,88.4,91.2,89.4,1954.7,21.33,36,39,39,90,129,598,1,2,Yes,No,No,No,No,No,No,No,No,No,Yes,No,No,No,No,No,No,No,No,No,No,No,No,No,No,No,No,No,No,No,No,No,No,No,No,No,No,42,93,100,No,No,31106,72428,0,0.1,0.1,0,0.257,140449,60683,15.062,24.945,73.8,36.3,4.2,4.3,238.85,0.63,615,55,0.029,0,-8.295,180.4
9.7.2024,13:31.0,49.9,4940,2974,62.4,1.013,0.96,1.03,1.032,1.03,0.871,0.748,3756.6,3481.7,3848.2,3848.2,3848.2,91.6,3206.9,146.3,391.9,25.8,324.7,39,140.7,63.1,151.7,33.4,146.3,4.1,10.2,1.9,8.4,1.4,3.9,2,4.1,1.3,10.2,4.1,100,11.1,29.7,2,24,3.2,10.4,4.9,11.6,2.8,11.1,41,38,42,42,42,35,56,53,54,53,63,44,47,46,47,37,56,63,No,No,No,No,No,No,No,No,No,No,No,No,No,No,No,No,No,No,61,61,55,0.732,7.324,6.191,1.769,0.18,10.079,1.613,0.424,0.898,51,15,51,51,500,0.5,0,0,0,0,0,424,2,67.6,3.7,10,0.7,8,1,3.5,1.6,3.9,0.9,87.9,82.9,86.3,91.4,90.8,1954.7,21.33,36,39,39,90,129,598,1,2,Yes,No,No,No,No,No,No,No,No,No,Yes,No,No,No,No,No,No,No,No,No,No,No,No,No,No,No,No,No,No,No,No,No,No,No,No,No,No,42,93,100,No,No,31106,72428,0,0.2,0.2,0,0.489,140449,60684,15.104,24.945,73.8,36.3,4.1,4.1,245.69,0.67,615,55,2.719,0,-8.13,184.1
9.7.2024,13:33.0,49.9,4940,2974,62.4,0.976,0.96,0.955,0.957,1.03,0.888,0.748,3573.4,3481.7,3481.7,3481.7,3848.2,91.6,3298.5,144.6,340.4,34.2,349.2,52,163.2,89.5,97.9,30.7,144.6,3.4,8.4,0,8.4,1.1,3.9,2,2.8,0.6,8.4,3.4,100,11.1,25.9,2.6,25.8,4,12.3,7.2,9.1,2.3,11.1,39,38,38,38,42,36,57,57,57,57,56,43,43,43,43,44,57,57,No,No,No,No,No,No,No,No,No,No,No,No,No,No,No,No,No,No,63,63,54,0.727,9.961,6.337,1.987,0.187,10.032,1.617,0.429,0.867,51,15,51,51,450,0.4,0,0,0,0,0,424,2,68.7,3.7,8.7,0.9,8.7,1.3,4.1,2.4,2.5,0.8,88.3,85,85.4,88.9,93.8,1954.7,21.33,36,39,39,90,129,598,1,2,Yes,No,No,No,No,No,No,No,No,No,Yes,No,No,No,No,No,No,No,No,No,No,No,No,No,No,No,No,No,No,No,No,No,No,No,No,No,No,42,93,100,No,No,31106,72428,0,0.1,0.1,0,0.372,140449,60685,15.08,24.945,73.8,36.3,4.1,4.1,246.83,0.68,615,55,0.089,0,-8.235,181.7
9.7.2024,13:35.0,49.9,4940,2974,62.4,1.013,0.96,1.03,1.032,1.03,0.888,0.746,3756.6,3481.7,3848.2,3848.2,3848.2,91.6,3298.5,145.4,353.6,18.3,387.5,38.7,141.3,60.9,138.4,24.3,145.4,3.5,8.8,1.1,9.3,0.8,3.3,1.3,2.8,0.4,9.3,3.5,100,10.8,26.8,1.4,28.7,3,10.4,4.7,9.4,2.1,10.8,41,38,42,42,42,36,58,55,56,54,65,42,45,44,46,35,56,65,No,No,No,No,No,No,No,No,No,No,No,No,No,No,No,No,No,No,65,65,55,0.727,6.152,6.454,1.956,0.215,9.957,1.618,0.422,0.853,51,15,51,51,450,0.5,0,0,0,0,0,424,2,69.1,3.7,9.1,0.5,9.7,1,3.5,1.5,3.5,0.7,88.1,84.8,84.4,91.7,91.6,1954.7,21.33,36,39,39,90,129,598,1,2,Yes,No,No,No,No,No,No,No,No,No,Yes,No,No,No,No,No,No,No,No,No,No,No,No,No,No,No,No,No,No,No,No,No,No,No,No,No,No,43,93,100,No,No,31106,72428,0,0.1,0.1,0,0.352,140449,60685,15.085,24.93,73.8,36.3,4,4.1,250.03,0.72,615,55,0.041,0.067,-8.925,167.6
9.7.2024,13:37.0,49.9,4933,2981,62.3,0.976,0.96,0.955,0.957,1.03,0.871,0.746,3573.4,3481.7,3481.7,3481.7,3848.2,91.6,3206.9,133.7,404.5,20.2,217.6,44.3,152.9,59.9,131.4,38.5,133.7,3.2,10,0.4,5.2,1,3.7,1.3,3,0.9,10,3.2,100,10.1,30.6,1.6,16.2,3.4,11.3,4.6,10.4,2.9,10.1,39,38,38,38,42,35,60,54,64,56,65,40,46,36,44,35,64,65,No,No,No,No,No,No,No,No,No,No,No,No,No,No,No,No,No,No,65,65,54,0.727,10.547,6.158,1.866,0.236,9.776,1.616,0.439,0.816,51,15,51,51,450,0.5,0,0,0,0,0,424,2,69.9,3.4,10.4,0.5,5.4,1.1,3.8,1.5,3.5,1,88.6,83.3,89.7,91.1,90.2,1954.7,21.33,36,39,39,90,129,598,1,2,Yes,No,No,No,No,No,No,No,No,No,Yes,No,No,No,No,No,No,No,No,No,No,No,No,No,No,No,No,No,No,No,No,No,No,No,No,No,No,42,93,100,No,No,31106,72428,0,0.3,0.3,0,0.276,140449,60686,15.083,24.93,73.8,36.3,4,4.1,249.3,0.69,615,55,0.059,0.066,-8.94,167.3
9.7.2024,13:39.0,49.9,4935,2979,62.3,1.012,0.96,1.03,1.032,1.027,0.871,0.748,3756.6,3481.7,3848.2,3848.2,3848.2,91.6,3206.9,142.1,420.5,41,198.9,53.3,79.1,95.6,140.7,107.7,142.1,3.5,10.4,0.9,4.8,1.2,1.9,2.2,3.8,2.5,10.4,3.5,100,11,31.8,3.1,15.1,4.1,6.1,7.3,12.5,7.8,11,41,38,42,42,42,35,52,53,54,53,50,48,47,46,47,50,55,54,No,No,No,No,No,No,No,No,No,No,No,No,No,No,No,No,No,No,62,62,54,0.732,6.152,6.629,2.24,0.212,9.911,1.615,0.425,0.861,51,15,51,51,500,0.4,0,0,0,0,0,424,2,70.9,3.6,10.8,1.1,5.1,1.4,2.1,2.4,3.7,2.7,88.2,82.5,88.9,91.8,89.6,1954.7,21.33,36,39,39,90,129,598,1,2,Yes,No,No,No,No,No,No,No,No,No,Yes,No,No,No,No,No,No,No,No,No,No,No,No,No,No,No,No,No,No,No,No,No,No,No,No,No,No,42,93,100,No,No,31106,72428,0,0.1,0.1,0,0.169,140449,60686,15.089,24.93,73.8,36.3,3.9,4,253.62,0.73,615,55,0.289,0.215,-8.085,185
